event.uuid,event.classification,event.tlp,event.special_france,event.title.desensitized,event.reliability,event.description,event.date,event.apts,event.metadata,signature.uuid,signature.type,signature.description,siganture.value,signature_component.uuid,signature_component.type,signature_component.reliability,signature_component.metedata,signature_component.value,signature_component.description
60f6ea57-5534-4866-9677-44650abe1822,NON-CLASSIFIEES,white,False,Publication maqueurs APT31,Bonne,,2021-07-20,['APT31'],"fr-classif:non-classifiees=""NON-CLASSIFIEES"", cossi:TLP=""white"", cossi:RechercheSourceOuverte=""Autorisee"", cossi:fiabilite=""Bonne"", cossi:threat_category=""APT"", misp-galaxy:threat-actor=""APT31""",c1dc1b1d-7ea0-45ad-afea-d5751c3dbd95,ip-dst,,,c1dc1b1d-7ea0-45ad-afea-d5751c3dbd95,ip-dst,Bonne,,105.154.12.165,
60f6ea57-5534-4866-9677-44650abe1822,NON-CLASSIFIEES,white,False,Publication maqueurs APT31,Bonne,,2021-07-20,['APT31'],"fr-classif:non-classifiees=""NON-CLASSIFIEES"", cossi:TLP=""white"", cossi:RechercheSourceOuverte=""Autorisee"", cossi:fiabilite=""Bonne"", cossi:threat_category=""APT"", misp-galaxy:threat-actor=""APT31""",50ea327a-6e01-4c3d-a70a-82f8bcda4abf,ip-dst,,,50ea327a-6e01-4c3d-a70a-82f8bcda4abf,ip-dst,Bonne,,105.157.234.0,
60f6ea57-5534-4866-9677-44650abe1822,NON-CLASSIFIEES,white,False,Publication maqueurs APT31,Bonne,,2021-07-20,['APT31'],"fr-classif:non-classifiees=""NON-CLASSIFIEES"", cossi:TLP=""white"", cossi:RechercheSourceOuverte=""Autorisee"", cossi:fiabilite=""Bonne"", cossi:threat_category=""APT"", misp-galaxy:threat-actor=""APT31""",62ad996c-fb19-47c8-9b93-3ac460d2b7be,ip-dst,,,62ad996c-fb19-47c8-9b93-3ac460d2b7be,ip-dst,Bonne,,105.159.122.85,
60f6ea57-5534-4866-9677-44650abe1822,NON-CLASSIFIEES,white,False,Publication maqueurs APT31,Bonne,,2021-07-20,['APT31'],"fr-classif:non-classifiees=""NON-CLASSIFIEES"", cossi:TLP=""white"", cossi:RechercheSourceOuverte=""Autorisee"", cossi:fiabilite=""Bonne"", cossi:threat_category=""APT"", misp-galaxy:threat-actor=""APT31""",b9464f29-0c87-435a-adfd-7064d46b7c04,ip-dst,,,b9464f29-0c87-435a-adfd-7064d46b7c04,ip-dst,Bonne,,110.36.231.150,
60f6ea57-5534-4866-9677-44650abe1822,NON-CLASSIFIEES,white,False,Publication maqueurs APT31,Bonne,,2021-07-20,['APT31'],"fr-classif:non-classifiees=""NON-CLASSIFIEES"", cossi:TLP=""white"", cossi:RechercheSourceOuverte=""Autorisee"", cossi:fiabilite=""Bonne"", cossi:threat_category=""APT"", misp-galaxy:threat-actor=""APT31""",fae8c6d3-c9a1-40f1-812b-5a915726c72f,ip-dst,,,fae8c6d3-c9a1-40f1-812b-5a915726c72f,ip-dst,Bonne,,115.133.136.29,
60f6ea57-5534-4866-9677-44650abe1822,NON-CLASSIFIEES,white,False,Publication maqueurs APT31,Bonne,,2021-07-20,['APT31'],"fr-classif:non-classifiees=""NON-CLASSIFIEES"", cossi:TLP=""white"", cossi:RechercheSourceOuverte=""Autorisee"", cossi:fiabilite=""Bonne"", cossi:threat_category=""APT"", misp-galaxy:threat-actor=""APT31""",82dd9739-79e6-4ce8-9710-bbcd351038c4,ip-dst,,,82dd9739-79e6-4ce8-9710-bbcd351038c4,ip-dst,Bonne,,115.31.133.26,
60f6ea57-5534-4866-9677-44650abe1822,NON-CLASSIFIEES,white,False,Publication maqueurs APT31,Bonne,,2021-07-20,['APT31'],"fr-classif:non-classifiees=""NON-CLASSIFIEES"", cossi:TLP=""white"", cossi:RechercheSourceOuverte=""Autorisee"", cossi:fiabilite=""Bonne"", cossi:threat_category=""APT"", misp-galaxy:threat-actor=""APT31""",e1e1fe42-0b4b-4339-8d7e-6edf819d17ea,ip-dst,,,e1e1fe42-0b4b-4339-8d7e-6edf819d17ea,ip-dst,Bonne,,119.110.222.94,
60f6ea57-5534-4866-9677-44650abe1822,NON-CLASSIFIEES,white,False,Publication maqueurs APT31,Bonne,,2021-07-20,['APT31'],"fr-classif:non-classifiees=""NON-CLASSIFIEES"", cossi:TLP=""white"", cossi:RechercheSourceOuverte=""Autorisee"", cossi:fiabilite=""Bonne"", cossi:threat_category=""APT"", misp-galaxy:threat-actor=""APT31""",f11b9e11-88ee-4a9d-b657-ec046e06c5d3,ip-dst,,,f11b9e11-88ee-4a9d-b657-ec046e06c5d3,ip-dst,Bonne,,121.121.46.10,
60f6ea57-5534-4866-9677-44650abe1822,NON-CLASSIFIEES,white,False,Publication maqueurs APT31,Bonne,,2021-07-20,['APT31'],"fr-classif:non-classifiees=""NON-CLASSIFIEES"", cossi:TLP=""white"", cossi:RechercheSourceOuverte=""Autorisee"", cossi:fiabilite=""Bonne"", cossi:threat_category=""APT"", misp-galaxy:threat-actor=""APT31""",c828eda2-8a64-451b-9d79-fbc3d3da5b57,ip-dst,,,c828eda2-8a64-451b-9d79-fbc3d3da5b57,ip-dst,Bonne,,122.154.56.106,
60f6ea57-5534-4866-9677-44650abe1822,NON-CLASSIFIEES,white,False,Publication maqueurs APT31,Bonne,,2021-07-20,['APT31'],"fr-classif:non-classifiees=""NON-CLASSIFIEES"", cossi:TLP=""white"", cossi:RechercheSourceOuverte=""Autorisee"", cossi:fiabilite=""Bonne"", cossi:threat_category=""APT"", misp-galaxy:threat-actor=""APT31""",022b54c8-4052-477d-8a4c-5310b29e53bc,ip-dst,,,022b54c8-4052-477d-8a4c-5310b29e53bc,ip-dst,Bonne,,125.25.204.59,
60f6ea57-5534-4866-9677-44650abe1822,NON-CLASSIFIEES,white,False,Publication maqueurs APT31,Bonne,,2021-07-20,['APT31'],"fr-classif:non-classifiees=""NON-CLASSIFIEES"", cossi:TLP=""white"", cossi:RechercheSourceOuverte=""Autorisee"", cossi:fiabilite=""Bonne"", cossi:threat_category=""APT"", misp-galaxy:threat-actor=""APT31""",299f3ccb-ddb5-45ed-add4-2643d263c515,ip-dst,,,299f3ccb-ddb5-45ed-add4-2643d263c515,ip-dst,Bonne,,125.31.50.150,
60f6ea57-5534-4866-9677-44650abe1822,NON-CLASSIFIEES,white,False,Publication maqueurs APT31,Bonne,,2021-07-20,['APT31'],"fr-classif:non-classifiees=""NON-CLASSIFIEES"", cossi:TLP=""white"", cossi:RechercheSourceOuverte=""Autorisee"", cossi:fiabilite=""Bonne"", cossi:threat_category=""APT"", misp-galaxy:threat-actor=""APT31""",84c40f80-c7cb-4849-bd02-a061d675664a,ip-dst,,,84c40f80-c7cb-4849-bd02-a061d675664a,ip-dst,Bonne,,141.101.253.109,
60f6ea57-5534-4866-9677-44650abe1822,NON-CLASSIFIEES,white,False,Publication maqueurs APT31,Bonne,,2021-07-20,['APT31'],"fr-classif:non-classifiees=""NON-CLASSIFIEES"", cossi:TLP=""white"", cossi:RechercheSourceOuverte=""Autorisee"", cossi:fiabilite=""Bonne"", cossi:threat_category=""APT"", misp-galaxy:threat-actor=""APT31""",b7baec62-a5fa-45e6-a250-9cc69990537e,ip-dst,,,b7baec62-a5fa-45e6-a250-9cc69990537e,ip-dst,Bonne,,147.50.50.50,
60f6ea57-5534-4866-9677-44650abe1822,NON-CLASSIFIEES,white,False,Publication maqueurs APT31,Bonne,,2021-07-20,['APT31'],"fr-classif:non-classifiees=""NON-CLASSIFIEES"", cossi:TLP=""white"", cossi:RechercheSourceOuverte=""Autorisee"", cossi:fiabilite=""Bonne"", cossi:threat_category=""APT"", misp-galaxy:threat-actor=""APT31""",d813ccc0-5e16-4a01-9c42-d0ff1cf2b66e,ip-dst,,,d813ccc0-5e16-4a01-9c42-d0ff1cf2b66e,ip-dst,Bonne,,154.181.248.88,
60f6ea57-5534-4866-9677-44650abe1822,NON-CLASSIFIEES,white,False,Publication maqueurs APT31,Bonne,,2021-07-20,['APT31'],"fr-classif:non-classifiees=""NON-CLASSIFIEES"", cossi:TLP=""white"", cossi:RechercheSourceOuverte=""Autorisee"", cossi:fiabilite=""Bonne"", cossi:threat_category=""APT"", misp-galaxy:threat-actor=""APT31""",e6c53bb6-fb48-4ffe-b255-890d8156891d,ip-dst,,,e6c53bb6-fb48-4ffe-b255-890d8156891d,ip-dst,Bonne,,154.182.91.196,
60f6ea57-5534-4866-9677-44650abe1822,NON-CLASSIFIEES,white,False,Publication maqueurs APT31,Bonne,,2021-07-20,['APT31'],"fr-classif:non-classifiees=""NON-CLASSIFIEES"", cossi:TLP=""white"", cossi:RechercheSourceOuverte=""Autorisee"", cossi:fiabilite=""Bonne"", cossi:threat_category=""APT"", misp-galaxy:threat-actor=""APT31""",ceab60f5-0a66-4a9c-adcb-c94adad87296,ip-dst,,,ceab60f5-0a66-4a9c-adcb-c94adad87296,ip-dst,Bonne,,156.222.101.141,
60f6ea57-5534-4866-9677-44650abe1822,NON-CLASSIFIEES,white,False,Publication maqueurs APT31,Bonne,,2021-07-20,['APT31'],"fr-classif:non-classifiees=""NON-CLASSIFIEES"", cossi:TLP=""white"", cossi:RechercheSourceOuverte=""Autorisee"", cossi:fiabilite=""Bonne"", cossi:threat_category=""APT"", misp-galaxy:threat-actor=""APT31""",ec8ef861-e183-4d9a-8911-47cbd0411d13,ip-dst,,,ec8ef861-e183-4d9a-8911-47cbd0411d13,ip-dst,Bonne,,156.222.156.41,
60f6ea57-5534-4866-9677-44650abe1822,NON-CLASSIFIEES,white,False,Publication maqueurs APT31,Bonne,,2021-07-20,['APT31'],"fr-classif:non-classifiees=""NON-CLASSIFIEES"", cossi:TLP=""white"", cossi:RechercheSourceOuverte=""Autorisee"", cossi:fiabilite=""Bonne"", cossi:threat_category=""APT"", misp-galaxy:threat-actor=""APT31""",76f7c3e3-08c1-4d08-bd08-41d8a3da3692,ip-dst,,,76f7c3e3-08c1-4d08-bd08-41d8a3da3692,ip-dst,Bonne,,156.222.19.219,
60f6ea57-5534-4866-9677-44650abe1822,NON-CLASSIFIEES,white,False,Publication maqueurs APT31,Bonne,,2021-07-20,['APT31'],"fr-classif:non-classifiees=""NON-CLASSIFIEES"", cossi:TLP=""white"", cossi:RechercheSourceOuverte=""Autorisee"", cossi:fiabilite=""Bonne"", cossi:threat_category=""APT"", misp-galaxy:threat-actor=""APT31""",a2d36dea-d90f-4cbb-943f-65d742717fd5,ip-dst,,,a2d36dea-d90f-4cbb-943f-65d742717fd5,ip-dst,Bonne,,156.222.191.87,
60f6ea57-5534-4866-9677-44650abe1822,NON-CLASSIFIEES,white,False,Publication maqueurs APT31,Bonne,,2021-07-20,['APT31'],"fr-classif:non-classifiees=""NON-CLASSIFIEES"", cossi:TLP=""white"", cossi:RechercheSourceOuverte=""Autorisee"", cossi:fiabilite=""Bonne"", cossi:threat_category=""APT"", misp-galaxy:threat-actor=""APT31""",e60d4f34-d6d1-4c3e-b027-34337a00d7f0,ip-dst,,,e60d4f34-d6d1-4c3e-b027-34337a00d7f0,ip-dst,Bonne,,156.222.199.111,
60f6ea57-5534-4866-9677-44650abe1822,NON-CLASSIFIEES,white,False,Publication maqueurs APT31,Bonne,,2021-07-20,['APT31'],"fr-classif:non-classifiees=""NON-CLASSIFIEES"", cossi:TLP=""white"", cossi:RechercheSourceOuverte=""Autorisee"", cossi:fiabilite=""Bonne"", cossi:threat_category=""APT"", misp-galaxy:threat-actor=""APT31""",75c574e2-8073-4729-b4aa-03baa31b0a1a,ip-dst,,,75c574e2-8073-4729-b4aa-03baa31b0a1a,ip-dst,Bonne,,156.222.200.181,
60f6ea57-5534-4866-9677-44650abe1822,NON-CLASSIFIEES,white,False,Publication maqueurs APT31,Bonne,,2021-07-20,['APT31'],"fr-classif:non-classifiees=""NON-CLASSIFIEES"", cossi:TLP=""white"", cossi:RechercheSourceOuverte=""Autorisee"", cossi:fiabilite=""Bonne"", cossi:threat_category=""APT"", misp-galaxy:threat-actor=""APT31""",68bceb23-ff00-4eb8-8335-ec9f913057d6,ip-dst,,,68bceb23-ff00-4eb8-8335-ec9f913057d6,ip-dst,Bonne,,156.222.223.10,
60f6ea57-5534-4866-9677-44650abe1822,NON-CLASSIFIEES,white,False,Publication maqueurs APT31,Bonne,,2021-07-20,['APT31'],"fr-classif:non-classifiees=""NON-CLASSIFIEES"", cossi:TLP=""white"", cossi:RechercheSourceOuverte=""Autorisee"", cossi:fiabilite=""Bonne"", cossi:threat_category=""APT"", misp-galaxy:threat-actor=""APT31""",78b35866-fc94-43bc-a1a0-9a4d87e49b5b,ip-dst,,,78b35866-fc94-43bc-a1a0-9a4d87e49b5b,ip-dst,Bonne,,156.222.224.102,
60f6ea57-5534-4866-9677-44650abe1822,NON-CLASSIFIEES,white,False,Publication maqueurs APT31,Bonne,,2021-07-20,['APT31'],"fr-classif:non-classifiees=""NON-CLASSIFIEES"", cossi:TLP=""white"", cossi:RechercheSourceOuverte=""Autorisee"", cossi:fiabilite=""Bonne"", cossi:threat_category=""APT"", misp-galaxy:threat-actor=""APT31""",71c15eca-784e-41af-88cd-71b4f0832b94,ip-dst,,,71c15eca-784e-41af-88cd-71b4f0832b94,ip-dst,Bonne,,156.222.227.118,
60f6ea57-5534-4866-9677-44650abe1822,NON-CLASSIFIEES,white,False,Publication maqueurs APT31,Bonne,,2021-07-20,['APT31'],"fr-classif:non-classifiees=""NON-CLASSIFIEES"", cossi:TLP=""white"", cossi:RechercheSourceOuverte=""Autorisee"", cossi:fiabilite=""Bonne"", cossi:threat_category=""APT"", misp-galaxy:threat-actor=""APT31""",a89954c3-214d-4698-8a3b-3251776f2822,ip-dst,,,a89954c3-214d-4698-8a3b-3251776f2822,ip-dst,Bonne,,156.222.38.116,
60f6ea57-5534-4866-9677-44650abe1822,NON-CLASSIFIEES,white,False,Publication maqueurs APT31,Bonne,,2021-07-20,['APT31'],"fr-classif:non-classifiees=""NON-CLASSIFIEES"", cossi:TLP=""white"", cossi:RechercheSourceOuverte=""Autorisee"", cossi:fiabilite=""Bonne"", cossi:threat_category=""APT"", misp-galaxy:threat-actor=""APT31""",84633245-15ff-4b98-8258-06db9a3d231e,ip-dst,,,84633245-15ff-4b98-8258-06db9a3d231e,ip-dst,Bonne,,156.222.38.228,
60f6ea57-5534-4866-9677-44650abe1822,NON-CLASSIFIEES,white,False,Publication maqueurs APT31,Bonne,,2021-07-20,['APT31'],"fr-classif:non-classifiees=""NON-CLASSIFIEES"", cossi:TLP=""white"", cossi:RechercheSourceOuverte=""Autorisee"", cossi:fiabilite=""Bonne"", cossi:threat_category=""APT"", misp-galaxy:threat-actor=""APT31""",cde3401b-ac58-4bfe-acf6-934bb6f66d0e,ip-dst,,,cde3401b-ac58-4bfe-acf6-934bb6f66d0e,ip-dst,Bonne,,156.222.65.235,
60f6ea57-5534-4866-9677-44650abe1822,NON-CLASSIFIEES,white,False,Publication maqueurs APT31,Bonne,,2021-07-20,['APT31'],"fr-classif:non-classifiees=""NON-CLASSIFIEES"", cossi:TLP=""white"", cossi:RechercheSourceOuverte=""Autorisee"", cossi:fiabilite=""Bonne"", cossi:threat_category=""APT"", misp-galaxy:threat-actor=""APT31""",5f807e4a-b84a-4cd9-9687-020b50bac6ad,ip-dst,,,5f807e4a-b84a-4cd9-9687-020b50bac6ad,ip-dst,Bonne,,156.222.78.64,
60f6ea57-5534-4866-9677-44650abe1822,NON-CLASSIFIEES,white,False,Publication maqueurs APT31,Bonne,,2021-07-20,['APT31'],"fr-classif:non-classifiees=""NON-CLASSIFIEES"", cossi:TLP=""white"", cossi:RechercheSourceOuverte=""Autorisee"", cossi:fiabilite=""Bonne"", cossi:threat_category=""APT"", misp-galaxy:threat-actor=""APT31""",8ee5698e-9a2d-4447-814e-a4a750f380de,ip-dst,,,8ee5698e-9a2d-4447-814e-a4a750f380de,ip-dst,Bonne,,156.222.94.34,
60f6ea57-5534-4866-9677-44650abe1822,NON-CLASSIFIEES,white,False,Publication maqueurs APT31,Bonne,,2021-07-20,['APT31'],"fr-classif:non-classifiees=""NON-CLASSIFIEES"", cossi:TLP=""white"", cossi:RechercheSourceOuverte=""Autorisee"", cossi:fiabilite=""Bonne"", cossi:threat_category=""APT"", misp-galaxy:threat-actor=""APT31""",b55646b0-617a-4cd5-ba66-f494dccd88a4,ip-dst,,,b55646b0-617a-4cd5-ba66-f494dccd88a4,ip-dst,Bonne,,160.178.109.226,
60f6ea57-5534-4866-9677-44650abe1822,NON-CLASSIFIEES,white,False,Publication maqueurs APT31,Bonne,,2021-07-20,['APT31'],"fr-classif:non-classifiees=""NON-CLASSIFIEES"", cossi:TLP=""white"", cossi:RechercheSourceOuverte=""Autorisee"", cossi:fiabilite=""Bonne"", cossi:threat_category=""APT"", misp-galaxy:threat-actor=""APT31""",a84ddf4a-e7e0-4d33-8205-e500770e4aa9,ip-dst,,,a84ddf4a-e7e0-4d33-8205-e500770e4aa9,ip-dst,Bonne,,160.178.113.149,
60f6ea57-5534-4866-9677-44650abe1822,NON-CLASSIFIEES,white,False,Publication maqueurs APT31,Bonne,,2021-07-20,['APT31'],"fr-classif:non-classifiees=""NON-CLASSIFIEES"", cossi:TLP=""white"", cossi:RechercheSourceOuverte=""Autorisee"", cossi:fiabilite=""Bonne"", cossi:threat_category=""APT"", misp-galaxy:threat-actor=""APT31""",c9a0187f-662f-4b2d-8294-d4fedc83968f,ip-dst,,,c9a0187f-662f-4b2d-8294-d4fedc83968f,ip-dst,Bonne,,160.178.122.34,
60f6ea57-5534-4866-9677-44650abe1822,NON-CLASSIFIEES,white,False,Publication maqueurs APT31,Bonne,,2021-07-20,['APT31'],"fr-classif:non-classifiees=""NON-CLASSIFIEES"", cossi:TLP=""white"", cossi:RechercheSourceOuverte=""Autorisee"", cossi:fiabilite=""Bonne"", cossi:threat_category=""APT"", misp-galaxy:threat-actor=""APT31""",1b029e97-56fe-4c36-9365-2ca8ca23a061,ip-dst,,,1b029e97-56fe-4c36-9365-2ca8ca23a061,ip-dst,Bonne,,160.179.31.245,
60f6ea57-5534-4866-9677-44650abe1822,NON-CLASSIFIEES,white,False,Publication maqueurs APT31,Bonne,,2021-07-20,['APT31'],"fr-classif:non-classifiees=""NON-CLASSIFIEES"", cossi:TLP=""white"", cossi:RechercheSourceOuverte=""Autorisee"", cossi:fiabilite=""Bonne"", cossi:threat_category=""APT"", misp-galaxy:threat-actor=""APT31""",1f5ae3cc-ce6a-4984-9dfd-a9145031bc64,ip-dst,,,1f5ae3cc-ce6a-4984-9dfd-a9145031bc64,ip-dst,Bonne,,171.103.162.14,
60f6ea57-5534-4866-9677-44650abe1822,NON-CLASSIFIEES,white,False,Publication maqueurs APT31,Bonne,,2021-07-20,['APT31'],"fr-classif:non-classifiees=""NON-CLASSIFIEES"", cossi:TLP=""white"", cossi:RechercheSourceOuverte=""Autorisee"", cossi:fiabilite=""Bonne"", cossi:threat_category=""APT"", misp-galaxy:threat-actor=""APT31""",6ff7e997-d4bd-433a-83a2-09a8d8243325,ip-dst,,,6ff7e997-d4bd-433a-83a2-09a8d8243325,ip-dst,Bonne,,176.121.49.36,
60f6ea57-5534-4866-9677-44650abe1822,NON-CLASSIFIEES,white,False,Publication maqueurs APT31,Bonne,,2021-07-20,['APT31'],"fr-classif:non-classifiees=""NON-CLASSIFIEES"", cossi:TLP=""white"", cossi:RechercheSourceOuverte=""Autorisee"", cossi:fiabilite=""Bonne"", cossi:threat_category=""APT"", misp-galaxy:threat-actor=""APT31""",205ff602-9562-4d46-9330-d78dc8e8e90a,ip-dst,,,205ff602-9562-4d46-9330-d78dc8e8e90a,ip-dst,Bonne,,178.149.149.64,
60f6ea57-5534-4866-9677-44650abe1822,NON-CLASSIFIEES,white,False,Publication maqueurs APT31,Bonne,,2021-07-20,['APT31'],"fr-classif:non-classifiees=""NON-CLASSIFIEES"", cossi:TLP=""white"", cossi:RechercheSourceOuverte=""Autorisee"", cossi:fiabilite=""Bonne"", cossi:threat_category=""APT"", misp-galaxy:threat-actor=""APT31""",e5869167-40f9-4284-b5c7-7d8ccf0f7f6a,ip-dst,,,e5869167-40f9-4284-b5c7-7d8ccf0f7f6a,ip-dst,Bonne,,178.206.229.139,
60f6ea57-5534-4866-9677-44650abe1822,NON-CLASSIFIEES,white,False,Publication maqueurs APT31,Bonne,,2021-07-20,['APT31'],"fr-classif:non-classifiees=""NON-CLASSIFIEES"", cossi:TLP=""white"", cossi:RechercheSourceOuverte=""Autorisee"", cossi:fiabilite=""Bonne"", cossi:threat_category=""APT"", misp-galaxy:threat-actor=""APT31""",20f19e7c-b2e9-4b7e-b460-be5b5fbfb0a1,ip-dst,,,20f19e7c-b2e9-4b7e-b460-be5b5fbfb0a1,ip-dst,Bonne,,178.252.136.130,
60f6ea57-5534-4866-9677-44650abe1822,NON-CLASSIFIEES,white,False,Publication maqueurs APT31,Bonne,,2021-07-20,['APT31'],"fr-classif:non-classifiees=""NON-CLASSIFIEES"", cossi:TLP=""white"", cossi:RechercheSourceOuverte=""Autorisee"", cossi:fiabilite=""Bonne"", cossi:threat_category=""APT"", misp-galaxy:threat-actor=""APT31""",c24a048c-d935-448f-b26b-0cbf02617c68,ip-dst,,,c24a048c-d935-448f-b26b-0cbf02617c68,ip-dst,Bonne,,181.114.56.146,
60f6ea57-5534-4866-9677-44650abe1822,NON-CLASSIFIEES,white,False,Publication maqueurs APT31,Bonne,,2021-07-20,['APT31'],"fr-classif:non-classifiees=""NON-CLASSIFIEES"", cossi:TLP=""white"", cossi:RechercheSourceOuverte=""Autorisee"", cossi:fiabilite=""Bonne"", cossi:threat_category=""APT"", misp-galaxy:threat-actor=""APT31""",bd03941c-48fd-488f-a2ce-2ef7c73b62b1,ip-dst,,,bd03941c-48fd-488f-a2ce-2ef7c73b62b1,ip-dst,Bonne,,181.143.127.50,
60f6ea57-5534-4866-9677-44650abe1822,NON-CLASSIFIEES,white,False,Publication maqueurs APT31,Bonne,,2021-07-20,['APT31'],"fr-classif:non-classifiees=""NON-CLASSIFIEES"", cossi:TLP=""white"", cossi:RechercheSourceOuverte=""Autorisee"", cossi:fiabilite=""Bonne"", cossi:threat_category=""APT"", misp-galaxy:threat-actor=""APT31""",dbf1d5e8-3a25-409b-917e-31e2fb681813,ip-dst,,,dbf1d5e8-3a25-409b-917e-31e2fb681813,ip-dst,Bonne,,182.52.218.11,
60f6ea57-5534-4866-9677-44650abe1822,NON-CLASSIFIEES,white,False,Publication maqueurs APT31,Bonne,,2021-07-20,['APT31'],"fr-classif:non-classifiees=""NON-CLASSIFIEES"", cossi:TLP=""white"", cossi:RechercheSourceOuverte=""Autorisee"", cossi:fiabilite=""Bonne"", cossi:threat_category=""APT"", misp-galaxy:threat-actor=""APT31""",db1f93fe-e1f7-44f1-819c-5228d56500a9,ip-dst,,,db1f93fe-e1f7-44f1-819c-5228d56500a9,ip-dst,Bonne,,185.125.231.175,
60f6ea57-5534-4866-9677-44650abe1822,NON-CLASSIFIEES,white,False,Publication maqueurs APT31,Bonne,,2021-07-20,['APT31'],"fr-classif:non-classifiees=""NON-CLASSIFIEES"", cossi:TLP=""white"", cossi:RechercheSourceOuverte=""Autorisee"", cossi:fiabilite=""Bonne"", cossi:threat_category=""APT"", misp-galaxy:threat-actor=""APT31""",6898ae0d-d7b9-41e7-a9b5-c4dc8e892231,ip-dst,,,6898ae0d-d7b9-41e7-a9b5-c4dc8e892231,ip-dst,Bonne,,185.13.46.161,
60f6ea57-5534-4866-9677-44650abe1822,NON-CLASSIFIEES,white,False,Publication maqueurs APT31,Bonne,,2021-07-20,['APT31'],"fr-classif:non-classifiees=""NON-CLASSIFIEES"", cossi:TLP=""white"", cossi:RechercheSourceOuverte=""Autorisee"", cossi:fiabilite=""Bonne"", cossi:threat_category=""APT"", misp-galaxy:threat-actor=""APT31""",59fc88c3-0f6e-4341-ab10-b5f6346b31eb,ip-dst,,,59fc88c3-0f6e-4341-ab10-b5f6346b31eb,ip-dst,Bonne,,185.135.233.135,
60f6ea57-5534-4866-9677-44650abe1822,NON-CLASSIFIEES,white,False,Publication maqueurs APT31,Bonne,,2021-07-20,['APT31'],"fr-classif:non-classifiees=""NON-CLASSIFIEES"", cossi:TLP=""white"", cossi:RechercheSourceOuverte=""Autorisee"", cossi:fiabilite=""Bonne"", cossi:threat_category=""APT"", misp-galaxy:threat-actor=""APT31""",897d24c4-79d4-486e-bed2-356ee6a2efb1,ip-dst,,,897d24c4-79d4-486e-bed2-356ee6a2efb1,ip-dst,Bonne,,185.233.186.152,
60f6ea57-5534-4866-9677-44650abe1822,NON-CLASSIFIEES,white,False,Publication maqueurs APT31,Bonne,,2021-07-20,['APT31'],"fr-classif:non-classifiees=""NON-CLASSIFIEES"", cossi:TLP=""white"", cossi:RechercheSourceOuverte=""Autorisee"", cossi:fiabilite=""Bonne"", cossi:threat_category=""APT"", misp-galaxy:threat-actor=""APT31""",92af84d6-38bc-48e1-afb7-87b334c1ff06,ip-dst,,,92af84d6-38bc-48e1-afb7-87b334c1ff06,ip-dst,Bonne,,185.244.45.123,
60f6ea57-5534-4866-9677-44650abe1822,NON-CLASSIFIEES,white,False,Publication maqueurs APT31,Bonne,,2021-07-20,['APT31'],"fr-classif:non-classifiees=""NON-CLASSIFIEES"", cossi:TLP=""white"", cossi:RechercheSourceOuverte=""Autorisee"", cossi:fiabilite=""Bonne"", cossi:threat_category=""APT"", misp-galaxy:threat-actor=""APT31""",3eacc1bb-dab6-4604-be6e-afdfb2b378a4,ip-dst,,,3eacc1bb-dab6-4604-be6e-afdfb2b378a4,ip-dst,Bonne,,186.18.129.164,
60f6ea57-5534-4866-9677-44650abe1822,NON-CLASSIFIEES,white,False,Publication maqueurs APT31,Bonne,,2021-07-20,['APT31'],"fr-classif:non-classifiees=""NON-CLASSIFIEES"", cossi:TLP=""white"", cossi:RechercheSourceOuverte=""Autorisee"", cossi:fiabilite=""Bonne"", cossi:threat_category=""APT"", misp-galaxy:threat-actor=""APT31""",b4cb7cc0-5292-41eb-b127-5eb59b651016,ip-dst,,,b4cb7cc0-5292-41eb-b127-5eb59b651016,ip-dst,Bonne,,186.188.226.99,
60f6ea57-5534-4866-9677-44650abe1822,NON-CLASSIFIEES,white,False,Publication maqueurs APT31,Bonne,,2021-07-20,['APT31'],"fr-classif:non-classifiees=""NON-CLASSIFIEES"", cossi:TLP=""white"", cossi:RechercheSourceOuverte=""Autorisee"", cossi:fiabilite=""Bonne"", cossi:threat_category=""APT"", misp-galaxy:threat-actor=""APT31""",b479d2e3-2c16-4d3f-864f-71e880d3cdb3,ip-dst,,,b479d2e3-2c16-4d3f-864f-71e880d3cdb3,ip-dst,Bonne,,189.121.150.254,
60f6ea57-5534-4866-9677-44650abe1822,NON-CLASSIFIEES,white,False,Publication maqueurs APT31,Bonne,,2021-07-20,['APT31'],"fr-classif:non-classifiees=""NON-CLASSIFIEES"", cossi:TLP=""white"", cossi:RechercheSourceOuverte=""Autorisee"", cossi:fiabilite=""Bonne"", cossi:threat_category=""APT"", misp-galaxy:threat-actor=""APT31""",fccaac2b-74df-4390-8e63-097f663c5ebf,ip-dst,,,fccaac2b-74df-4390-8e63-097f663c5ebf,ip-dst,Bonne,,189.89.55.24,
60f6ea57-5534-4866-9677-44650abe1822,NON-CLASSIFIEES,white,False,Publication maqueurs APT31,Bonne,,2021-07-20,['APT31'],"fr-classif:non-classifiees=""NON-CLASSIFIEES"", cossi:TLP=""white"", cossi:RechercheSourceOuverte=""Autorisee"", cossi:fiabilite=""Bonne"", cossi:threat_category=""APT"", misp-galaxy:threat-actor=""APT31""",fda4b77d-db6b-483b-a5b1-be525645af43,ip-dst,,,fda4b77d-db6b-483b-a5b1-be525645af43,ip-dst,Bonne,,190.215.240.102,
60f6ea57-5534-4866-9677-44650abe1822,NON-CLASSIFIEES,white,False,Publication maqueurs APT31,Bonne,,2021-07-20,['APT31'],"fr-classif:non-classifiees=""NON-CLASSIFIEES"", cossi:TLP=""white"", cossi:RechercheSourceOuverte=""Autorisee"", cossi:fiabilite=""Bonne"", cossi:threat_category=""APT"", misp-galaxy:threat-actor=""APT31""",4c58078d-e4fe-4606-99de-1146ec0ecde6,ip-dst,,,4c58078d-e4fe-4606-99de-1146ec0ecde6,ip-dst,Bonne,,190.215.241.146,
60f6ea57-5534-4866-9677-44650abe1822,NON-CLASSIFIEES,white,False,Publication maqueurs APT31,Bonne,,2021-07-20,['APT31'],"fr-classif:non-classifiees=""NON-CLASSIFIEES"", cossi:TLP=""white"", cossi:RechercheSourceOuverte=""Autorisee"", cossi:fiabilite=""Bonne"", cossi:threat_category=""APT"", misp-galaxy:threat-actor=""APT31""",011f224e-09b9-4642-82f7-ce4e664773a8,ip-dst,,,011f224e-09b9-4642-82f7-ce4e664773a8,ip-dst,Bonne,,192.162.103.168,
60f6ea57-5534-4866-9677-44650abe1822,NON-CLASSIFIEES,white,False,Publication maqueurs APT31,Bonne,,2021-07-20,['APT31'],"fr-classif:non-classifiees=""NON-CLASSIFIEES"", cossi:TLP=""white"", cossi:RechercheSourceOuverte=""Autorisee"", cossi:fiabilite=""Bonne"", cossi:threat_category=""APT"", misp-galaxy:threat-actor=""APT31""",d7bd2d9e-679a-448f-a9c8-30cf9ea81757,ip-dst,,,d7bd2d9e-679a-448f-a9c8-30cf9ea81757,ip-dst,Bonne,,193.242.176.251,
60f6ea57-5534-4866-9677-44650abe1822,NON-CLASSIFIEES,white,False,Publication maqueurs APT31,Bonne,,2021-07-20,['APT31'],"fr-classif:non-classifiees=""NON-CLASSIFIEES"", cossi:TLP=""white"", cossi:RechercheSourceOuverte=""Autorisee"", cossi:fiabilite=""Bonne"", cossi:threat_category=""APT"", misp-galaxy:threat-actor=""APT31""",ff558090-8e95-4c01-a500-4e62a6590f89,ip-dst,,,ff558090-8e95-4c01-a500-4e62a6590f89,ip-dst,Bonne,,194.5.79.21,
60f6ea57-5534-4866-9677-44650abe1822,NON-CLASSIFIEES,white,False,Publication maqueurs APT31,Bonne,,2021-07-20,['APT31'],"fr-classif:non-classifiees=""NON-CLASSIFIEES"", cossi:TLP=""white"", cossi:RechercheSourceOuverte=""Autorisee"", cossi:fiabilite=""Bonne"", cossi:threat_category=""APT"", misp-galaxy:threat-actor=""APT31""",d9c146b3-589c-49ea-a939-179f2dfe7916,ip-dst,,,d9c146b3-589c-49ea-a939-179f2dfe7916,ip-dst,Bonne,,195.91.209.21,
60f6ea57-5534-4866-9677-44650abe1822,NON-CLASSIFIEES,white,False,Publication maqueurs APT31,Bonne,,2021-07-20,['APT31'],"fr-classif:non-classifiees=""NON-CLASSIFIEES"", cossi:TLP=""white"", cossi:RechercheSourceOuverte=""Autorisee"", cossi:fiabilite=""Bonne"", cossi:threat_category=""APT"", misp-galaxy:threat-actor=""APT31""",db56779c-e2fc-4d4c-a75f-899e2795d18b,ip-dst,,,db56779c-e2fc-4d4c-a75f-899e2795d18b,ip-dst,Bonne,,195.91.239.226,
60f6ea57-5534-4866-9677-44650abe1822,NON-CLASSIFIEES,white,False,Publication maqueurs APT31,Bonne,,2021-07-20,['APT31'],"fr-classif:non-classifiees=""NON-CLASSIFIEES"", cossi:TLP=""white"", cossi:RechercheSourceOuverte=""Autorisee"", cossi:fiabilite=""Bonne"", cossi:threat_category=""APT"", misp-galaxy:threat-actor=""APT31""",a8e0d3dc-940a-45d3-b202-447827bca18d,ip-dst,,,a8e0d3dc-940a-45d3-b202-447827bca18d,ip-dst,Bonne,,196.206.181.146,
60f6ea57-5534-4866-9677-44650abe1822,NON-CLASSIFIEES,white,False,Publication maqueurs APT31,Bonne,,2021-07-20,['APT31'],"fr-classif:non-classifiees=""NON-CLASSIFIEES"", cossi:TLP=""white"", cossi:RechercheSourceOuverte=""Autorisee"", cossi:fiabilite=""Bonne"", cossi:threat_category=""APT"", misp-galaxy:threat-actor=""APT31""",3425f828-459b-4527-91d7-a3eea37bf14b,ip-dst,,,3425f828-459b-4527-91d7-a3eea37bf14b,ip-dst,Bonne,,196.217.199.166,
60f6ea57-5534-4866-9677-44650abe1822,NON-CLASSIFIEES,white,False,Publication maqueurs APT31,Bonne,,2021-07-20,['APT31'],"fr-classif:non-classifiees=""NON-CLASSIFIEES"", cossi:TLP=""white"", cossi:RechercheSourceOuverte=""Autorisee"", cossi:fiabilite=""Bonne"", cossi:threat_category=""APT"", misp-galaxy:threat-actor=""APT31""",8f5fad3c-1770-4061-8614-fd741ec2b27d,ip-dst,,,8f5fad3c-1770-4061-8614-fd741ec2b27d,ip-dst,Bonne,,196.64.185.13,
60f6ea57-5534-4866-9677-44650abe1822,NON-CLASSIFIEES,white,False,Publication maqueurs APT31,Bonne,,2021-07-20,['APT31'],"fr-classif:non-classifiees=""NON-CLASSIFIEES"", cossi:TLP=""white"", cossi:RechercheSourceOuverte=""Autorisee"", cossi:fiabilite=""Bonne"", cossi:threat_category=""APT"", misp-galaxy:threat-actor=""APT31""",22a0d459-88a0-41d2-99db-da0e3e31cc94,ip-dst,,,22a0d459-88a0-41d2-99db-da0e3e31cc94,ip-dst,Bonne,,197.52.253.45,
60f6ea57-5534-4866-9677-44650abe1822,NON-CLASSIFIEES,white,False,Publication maqueurs APT31,Bonne,,2021-07-20,['APT31'],"fr-classif:non-classifiees=""NON-CLASSIFIEES"", cossi:TLP=""white"", cossi:RechercheSourceOuverte=""Autorisee"", cossi:fiabilite=""Bonne"", cossi:threat_category=""APT"", misp-galaxy:threat-actor=""APT31""",ae9229bb-e734-4a6b-b603-2e9004904130,ip-dst,,,ae9229bb-e734-4a6b-b603-2e9004904130,ip-dst,Bonne,,197.53.100.117,
60f6ea57-5534-4866-9677-44650abe1822,NON-CLASSIFIEES,white,False,Publication maqueurs APT31,Bonne,,2021-07-20,['APT31'],"fr-classif:non-classifiees=""NON-CLASSIFIEES"", cossi:TLP=""white"", cossi:RechercheSourceOuverte=""Autorisee"", cossi:fiabilite=""Bonne"", cossi:threat_category=""APT"", misp-galaxy:threat-actor=""APT31""",929d0a2e-e6be-4cb4-9b1e-9985a37b501d,ip-dst,,,929d0a2e-e6be-4cb4-9b1e-9985a37b501d,ip-dst,Bonne,,197.53.106.152,
60f6ea57-5534-4866-9677-44650abe1822,NON-CLASSIFIEES,white,False,Publication maqueurs APT31,Bonne,,2021-07-20,['APT31'],"fr-classif:non-classifiees=""NON-CLASSIFIEES"", cossi:TLP=""white"", cossi:RechercheSourceOuverte=""Autorisee"", cossi:fiabilite=""Bonne"", cossi:threat_category=""APT"", misp-galaxy:threat-actor=""APT31""",fc40068a-2da7-4a34-8876-af3af6952401,ip-dst,,,fc40068a-2da7-4a34-8876-af3af6952401,ip-dst,Bonne,,197.53.122.134,
60f6ea57-5534-4866-9677-44650abe1822,NON-CLASSIFIEES,white,False,Publication maqueurs APT31,Bonne,,2021-07-20,['APT31'],"fr-classif:non-classifiees=""NON-CLASSIFIEES"", cossi:TLP=""white"", cossi:RechercheSourceOuverte=""Autorisee"", cossi:fiabilite=""Bonne"", cossi:threat_category=""APT"", misp-galaxy:threat-actor=""APT31""",f4c1ac6a-ee73-4d9d-b844-7f2e5dfb7aef,ip-dst,,,f4c1ac6a-ee73-4d9d-b844-7f2e5dfb7aef,ip-dst,Bonne,,197.53.122.144,
60f6ea57-5534-4866-9677-44650abe1822,NON-CLASSIFIEES,white,False,Publication maqueurs APT31,Bonne,,2021-07-20,['APT31'],"fr-classif:non-classifiees=""NON-CLASSIFIEES"", cossi:TLP=""white"", cossi:RechercheSourceOuverte=""Autorisee"", cossi:fiabilite=""Bonne"", cossi:threat_category=""APT"", misp-galaxy:threat-actor=""APT31""",50b8b371-3edd-489e-9f96-5ca3dba90374,ip-dst,,,50b8b371-3edd-489e-9f96-5ca3dba90374,ip-dst,Bonne,,197.53.21.0,
60f6ea57-5534-4866-9677-44650abe1822,NON-CLASSIFIEES,white,False,Publication maqueurs APT31,Bonne,,2021-07-20,['APT31'],"fr-classif:non-classifiees=""NON-CLASSIFIEES"", cossi:TLP=""white"", cossi:RechercheSourceOuverte=""Autorisee"", cossi:fiabilite=""Bonne"", cossi:threat_category=""APT"", misp-galaxy:threat-actor=""APT31""",b837bb06-3425-4cdc-ad6a-7e1999d0edec,ip-dst,,,b837bb06-3425-4cdc-ad6a-7e1999d0edec,ip-dst,Bonne,,197.53.21.180,
60f6ea57-5534-4866-9677-44650abe1822,NON-CLASSIFIEES,white,False,Publication maqueurs APT31,Bonne,,2021-07-20,['APT31'],"fr-classif:non-classifiees=""NON-CLASSIFIEES"", cossi:TLP=""white"", cossi:RechercheSourceOuverte=""Autorisee"", cossi:fiabilite=""Bonne"", cossi:threat_category=""APT"", misp-galaxy:threat-actor=""APT31""",d3483f5e-afd9-4644-a08a-685cf9950d05,ip-dst,,,d3483f5e-afd9-4644-a08a-685cf9950d05,ip-dst,Bonne,,197.53.21.198,
60f6ea57-5534-4866-9677-44650abe1822,NON-CLASSIFIEES,white,False,Publication maqueurs APT31,Bonne,,2021-07-20,['APT31'],"fr-classif:non-classifiees=""NON-CLASSIFIEES"", cossi:TLP=""white"", cossi:RechercheSourceOuverte=""Autorisee"", cossi:fiabilite=""Bonne"", cossi:threat_category=""APT"", misp-galaxy:threat-actor=""APT31""",9c2eface-e7e3-4bda-a59b-cbdb57f1f0b4,ip-dst,,,9c2eface-e7e3-4bda-a59b-cbdb57f1f0b4,ip-dst,Bonne,,197.53.56.168,
60f6ea57-5534-4866-9677-44650abe1822,NON-CLASSIFIEES,white,False,Publication maqueurs APT31,Bonne,,2021-07-20,['APT31'],"fr-classif:non-classifiees=""NON-CLASSIFIEES"", cossi:TLP=""white"", cossi:RechercheSourceOuverte=""Autorisee"", cossi:fiabilite=""Bonne"", cossi:threat_category=""APT"", misp-galaxy:threat-actor=""APT31""",68ff1b1d-93bc-44cc-9f18-f237f14665b6,ip-dst,,,68ff1b1d-93bc-44cc-9f18-f237f14665b6,ip-dst,Bonne,,197.53.6.226,
60f6ea57-5534-4866-9677-44650abe1822,NON-CLASSIFIEES,white,False,Publication maqueurs APT31,Bonne,,2021-07-20,['APT31'],"fr-classif:non-classifiees=""NON-CLASSIFIEES"", cossi:TLP=""white"", cossi:RechercheSourceOuverte=""Autorisee"", cossi:fiabilite=""Bonne"", cossi:threat_category=""APT"", misp-galaxy:threat-actor=""APT31""",aaff79d3-656e-479f-bd5b-c09fae704503,ip-dst,,,aaff79d3-656e-479f-bd5b-c09fae704503,ip-dst,Bonne,,197.53.60.223,
60f6ea57-5534-4866-9677-44650abe1822,NON-CLASSIFIEES,white,False,Publication maqueurs APT31,Bonne,,2021-07-20,['APT31'],"fr-classif:non-classifiees=""NON-CLASSIFIEES"", cossi:TLP=""white"", cossi:RechercheSourceOuverte=""Autorisee"", cossi:fiabilite=""Bonne"", cossi:threat_category=""APT"", misp-galaxy:threat-actor=""APT31""",5885dccd-75a2-4636-92c0-a7b29e435504,ip-dst,,,5885dccd-75a2-4636-92c0-a7b29e435504,ip-dst,Bonne,,197.53.70.114,
60f6ea57-5534-4866-9677-44650abe1822,NON-CLASSIFIEES,white,False,Publication maqueurs APT31,Bonne,,2021-07-20,['APT31'],"fr-classif:non-classifiees=""NON-CLASSIFIEES"", cossi:TLP=""white"", cossi:RechercheSourceOuverte=""Autorisee"", cossi:fiabilite=""Bonne"", cossi:threat_category=""APT"", misp-galaxy:threat-actor=""APT31""",8553b878-0984-46a9-9fb7-07d1fca9bbe1,ip-dst,,,8553b878-0984-46a9-9fb7-07d1fca9bbe1,ip-dst,Bonne,,197.53.78.134,
60f6ea57-5534-4866-9677-44650abe1822,NON-CLASSIFIEES,white,False,Publication maqueurs APT31,Bonne,,2021-07-20,['APT31'],"fr-classif:non-classifiees=""NON-CLASSIFIEES"", cossi:TLP=""white"", cossi:RechercheSourceOuverte=""Autorisee"", cossi:fiabilite=""Bonne"", cossi:threat_category=""APT"", misp-galaxy:threat-actor=""APT31""",04e26341-2c2d-447f-8876-b0e6be4f0dd3,ip-dst,,,04e26341-2c2d-447f-8876-b0e6be4f0dd3,ip-dst,Bonne,,197.53.98.19,
60f6ea57-5534-4866-9677-44650abe1822,NON-CLASSIFIEES,white,False,Publication maqueurs APT31,Bonne,,2021-07-20,['APT31'],"fr-classif:non-classifiees=""NON-CLASSIFIEES"", cossi:TLP=""white"", cossi:RechercheSourceOuverte=""Autorisee"", cossi:fiabilite=""Bonne"", cossi:threat_category=""APT"", misp-galaxy:threat-actor=""APT31""",1ad5052e-4f3e-4ee6-b3d1-852d75446e2d,ip-dst,,,1ad5052e-4f3e-4ee6-b3d1-852d75446e2d,ip-dst,Bonne,,2.176.206.42,
60f6ea57-5534-4866-9677-44650abe1822,NON-CLASSIFIEES,white,False,Publication maqueurs APT31,Bonne,,2021-07-20,['APT31'],"fr-classif:non-classifiees=""NON-CLASSIFIEES"", cossi:TLP=""white"", cossi:RechercheSourceOuverte=""Autorisee"", cossi:fiabilite=""Bonne"", cossi:threat_category=""APT"", misp-galaxy:threat-actor=""APT31""",dde8ffdf-aee2-4ca6-b7b6-8a7fb825fb32,ip-dst,,,dde8ffdf-aee2-4ca6-b7b6-8a7fb825fb32,ip-dst,Bonne,,2.176.220.97,
60f6ea57-5534-4866-9677-44650abe1822,NON-CLASSIFIEES,white,False,Publication maqueurs APT31,Bonne,,2021-07-20,['APT31'],"fr-classif:non-classifiees=""NON-CLASSIFIEES"", cossi:TLP=""white"", cossi:RechercheSourceOuverte=""Autorisee"", cossi:fiabilite=""Bonne"", cossi:threat_category=""APT"", misp-galaxy:threat-actor=""APT31""",bd166819-281e-4344-b1fc-84b80b65fb5f,ip-dst,,,bd166819-281e-4344-b1fc-84b80b65fb5f,ip-dst,Bonne,,2.176.234.36,
60f6ea57-5534-4866-9677-44650abe1822,NON-CLASSIFIEES,white,False,Publication maqueurs APT31,Bonne,,2021-07-20,['APT31'],"fr-classif:non-classifiees=""NON-CLASSIFIEES"", cossi:TLP=""white"", cossi:RechercheSourceOuverte=""Autorisee"", cossi:fiabilite=""Bonne"", cossi:threat_category=""APT"", misp-galaxy:threat-actor=""APT31""",9ae5c34e-4938-408c-b108-fd2ce966e952,ip-dst,,,9ae5c34e-4938-408c-b108-fd2ce966e952,ip-dst,Bonne,,2.50.208.83,
60f6ea57-5534-4866-9677-44650abe1822,NON-CLASSIFIEES,white,False,Publication maqueurs APT31,Bonne,,2021-07-20,['APT31'],"fr-classif:non-classifiees=""NON-CLASSIFIEES"", cossi:TLP=""white"", cossi:RechercheSourceOuverte=""Autorisee"", cossi:fiabilite=""Bonne"", cossi:threat_category=""APT"", misp-galaxy:threat-actor=""APT31""",517c6e67-ea9b-4f74-a2af-d3b7c80b38d8,ip-dst,,,517c6e67-ea9b-4f74-a2af-d3b7c80b38d8,ip-dst,Bonne,,2.50.210.146,
60f6ea57-5534-4866-9677-44650abe1822,NON-CLASSIFIEES,white,False,Publication maqueurs APT31,Bonne,,2021-07-20,['APT31'],"fr-classif:non-classifiees=""NON-CLASSIFIEES"", cossi:TLP=""white"", cossi:RechercheSourceOuverte=""Autorisee"", cossi:fiabilite=""Bonne"", cossi:threat_category=""APT"", misp-galaxy:threat-actor=""APT31""",e7757a96-0662-49ae-aa74-aaeeed46beb1,ip-dst,,,e7757a96-0662-49ae-aa74-aaeeed46beb1,ip-dst,Bonne,,2.50.217.75,
60f6ea57-5534-4866-9677-44650abe1822,NON-CLASSIFIEES,white,False,Publication maqueurs APT31,Bonne,,2021-07-20,['APT31'],"fr-classif:non-classifiees=""NON-CLASSIFIEES"", cossi:TLP=""white"", cossi:RechercheSourceOuverte=""Autorisee"", cossi:fiabilite=""Bonne"", cossi:threat_category=""APT"", misp-galaxy:threat-actor=""APT31""",c9bb5d02-d65f-4b88-be41-afa3311b9f38,ip-dst,,,c9bb5d02-d65f-4b88-be41-afa3311b9f38,ip-dst,Bonne,,2.50.252.96,
60f6ea57-5534-4866-9677-44650abe1822,NON-CLASSIFIEES,white,False,Publication maqueurs APT31,Bonne,,2021-07-20,['APT31'],"fr-classif:non-classifiees=""NON-CLASSIFIEES"", cossi:TLP=""white"", cossi:RechercheSourceOuverte=""Autorisee"", cossi:fiabilite=""Bonne"", cossi:threat_category=""APT"", misp-galaxy:threat-actor=""APT31""",5a8129dd-2dd4-4761-ab00-78ca7344ac74,ip-dst,,,5a8129dd-2dd4-4761-ab00-78ca7344ac74,ip-dst,Bonne,,200.125.167.170,
60f6ea57-5534-4866-9677-44650abe1822,NON-CLASSIFIEES,white,False,Publication maqueurs APT31,Bonne,,2021-07-20,['APT31'],"fr-classif:non-classifiees=""NON-CLASSIFIEES"", cossi:TLP=""white"", cossi:RechercheSourceOuverte=""Autorisee"", cossi:fiabilite=""Bonne"", cossi:threat_category=""APT"", misp-galaxy:threat-actor=""APT31""",a9034b44-bc7e-4bb5-ab9c-8d9ce9cb9afa,ip-dst,,,a9034b44-bc7e-4bb5-ab9c-8d9ce9cb9afa,ip-dst,Bonne,,201.156.106.72,
60f6ea57-5534-4866-9677-44650abe1822,NON-CLASSIFIEES,white,False,Publication maqueurs APT31,Bonne,,2021-07-20,['APT31'],"fr-classif:non-classifiees=""NON-CLASSIFIEES"", cossi:TLP=""white"", cossi:RechercheSourceOuverte=""Autorisee"", cossi:fiabilite=""Bonne"", cossi:threat_category=""APT"", misp-galaxy:threat-actor=""APT31""",2d3a84ca-8b5e-495f-aa86-6471b69079fe,ip-dst,,,2d3a84ca-8b5e-495f-aa86-6471b69079fe,ip-dst,Bonne,,201.164.47.86,
60f6ea57-5534-4866-9677-44650abe1822,NON-CLASSIFIEES,white,False,Publication maqueurs APT31,Bonne,,2021-07-20,['APT31'],"fr-classif:non-classifiees=""NON-CLASSIFIEES"", cossi:TLP=""white"", cossi:RechercheSourceOuverte=""Autorisee"", cossi:fiabilite=""Bonne"", cossi:threat_category=""APT"", misp-galaxy:threat-actor=""APT31""",4e06b0de-90fc-45c4-a6d4-d70fb984bd9f,ip-dst,,,4e06b0de-90fc-45c4-a6d4-d70fb984bd9f,ip-dst,Bonne,,201.164.47.90,
60f6ea57-5534-4866-9677-44650abe1822,NON-CLASSIFIEES,white,False,Publication maqueurs APT31,Bonne,,2021-07-20,['APT31'],"fr-classif:non-classifiees=""NON-CLASSIFIEES"", cossi:TLP=""white"", cossi:RechercheSourceOuverte=""Autorisee"", cossi:fiabilite=""Bonne"", cossi:threat_category=""APT"", misp-galaxy:threat-actor=""APT31""",d7333f2b-bc79-451c-b29d-6316ca86b8a6,ip-dst,,,d7333f2b-bc79-451c-b29d-6316ca86b8a6,ip-dst,Bonne,,203.114.106.194,
60f6ea57-5534-4866-9677-44650abe1822,NON-CLASSIFIEES,white,False,Publication maqueurs APT31,Bonne,,2021-07-20,['APT31'],"fr-classif:non-classifiees=""NON-CLASSIFIEES"", cossi:TLP=""white"", cossi:RechercheSourceOuverte=""Autorisee"", cossi:fiabilite=""Bonne"", cossi:threat_category=""APT"", misp-galaxy:threat-actor=""APT31""",7c42ef04-8493-4af2-952a-2e02f570fdcb,ip-dst,,,7c42ef04-8493-4af2-952a-2e02f570fdcb,ip-dst,Bonne,,203.151.67.66,
60f6ea57-5534-4866-9677-44650abe1822,NON-CLASSIFIEES,white,False,Publication maqueurs APT31,Bonne,,2021-07-20,['APT31'],"fr-classif:non-classifiees=""NON-CLASSIFIEES"", cossi:TLP=""white"", cossi:RechercheSourceOuverte=""Autorisee"", cossi:fiabilite=""Bonne"", cossi:threat_category=""APT"", misp-galaxy:threat-actor=""APT31""",4a6b7515-9f4e-47be-877c-3abda08487ae,ip-dst,,,4a6b7515-9f4e-47be-877c-3abda08487ae,ip-dst,Bonne,,203.156.162.146,
60f6ea57-5534-4866-9677-44650abe1822,NON-CLASSIFIEES,white,False,Publication maqueurs APT31,Bonne,,2021-07-20,['APT31'],"fr-classif:non-classifiees=""NON-CLASSIFIEES"", cossi:TLP=""white"", cossi:RechercheSourceOuverte=""Autorisee"", cossi:fiabilite=""Bonne"", cossi:threat_category=""APT"", misp-galaxy:threat-actor=""APT31""",f089ccb6-ff7a-41d8-b184-f9a831e5e1d2,ip-dst,,,f089ccb6-ff7a-41d8-b184-f9a831e5e1d2,ip-dst,Bonne,,208.26.93.179,
60f6ea57-5534-4866-9677-44650abe1822,NON-CLASSIFIEES,white,False,Publication maqueurs APT31,Bonne,,2021-07-20,['APT31'],"fr-classif:non-classifiees=""NON-CLASSIFIEES"", cossi:TLP=""white"", cossi:RechercheSourceOuverte=""Autorisee"", cossi:fiabilite=""Bonne"", cossi:threat_category=""APT"", misp-galaxy:threat-actor=""APT31""",9b519d31-2770-484b-bdff-b3943ba317d7,ip-dst,,,9b519d31-2770-484b-bdff-b3943ba317d7,ip-dst,Bonne,,210.86.173.106,
60f6ea57-5534-4866-9677-44650abe1822,NON-CLASSIFIEES,white,False,Publication maqueurs APT31,Bonne,,2021-07-20,['APT31'],"fr-classif:non-classifiees=""NON-CLASSIFIEES"", cossi:TLP=""white"", cossi:RechercheSourceOuverte=""Autorisee"", cossi:fiabilite=""Bonne"", cossi:threat_category=""APT"", misp-galaxy:threat-actor=""APT31""",b48174b2-ca91-4dec-9af2-6b27aceb6f36,ip-dst,,,b48174b2-ca91-4dec-9af2-6b27aceb6f36,ip-dst,Bonne,,212.164.223.156,
60f6ea57-5534-4866-9677-44650abe1822,NON-CLASSIFIEES,white,False,Publication maqueurs APT31,Bonne,,2021-07-20,['APT31'],"fr-classif:non-classifiees=""NON-CLASSIFIEES"", cossi:TLP=""white"", cossi:RechercheSourceOuverte=""Autorisee"", cossi:fiabilite=""Bonne"", cossi:threat_category=""APT"", misp-galaxy:threat-actor=""APT31""",b0f5f4d0-4254-4643-9d90-c44b505124a4,ip-dst,,,b0f5f4d0-4254-4643-9d90-c44b505124a4,ip-dst,Bonne,,213.24.124.154,
60f6ea57-5534-4866-9677-44650abe1822,NON-CLASSIFIEES,white,False,Publication maqueurs APT31,Bonne,,2021-07-20,['APT31'],"fr-classif:non-classifiees=""NON-CLASSIFIEES"", cossi:TLP=""white"", cossi:RechercheSourceOuverte=""Autorisee"", cossi:fiabilite=""Bonne"", cossi:threat_category=""APT"", misp-galaxy:threat-actor=""APT31""",aeb3772e-bffc-4c02-b216-f436e49531ab,ip-dst,,,aeb3772e-bffc-4c02-b216-f436e49531ab,ip-dst,Bonne,,217.131.2.188,
60f6ea57-5534-4866-9677-44650abe1822,NON-CLASSIFIEES,white,False,Publication maqueurs APT31,Bonne,,2021-07-20,['APT31'],"fr-classif:non-classifiees=""NON-CLASSIFIEES"", cossi:TLP=""white"", cossi:RechercheSourceOuverte=""Autorisee"", cossi:fiabilite=""Bonne"", cossi:threat_category=""APT"", misp-galaxy:threat-actor=""APT31""",53af8cc4-c034-4ebb-aec9-ee4501c91c61,ip-dst,,,53af8cc4-c034-4ebb-aec9-ee4501c91c61,ip-dst,Bonne,,217.66.21.23,
60f6ea57-5534-4866-9677-44650abe1822,NON-CLASSIFIEES,white,False,Publication maqueurs APT31,Bonne,,2021-07-20,['APT31'],"fr-classif:non-classifiees=""NON-CLASSIFIEES"", cossi:TLP=""white"", cossi:RechercheSourceOuverte=""Autorisee"", cossi:fiabilite=""Bonne"", cossi:threat_category=""APT"", misp-galaxy:threat-actor=""APT31""",336d3bd4-d4b3-4b9f-9b95-ca1e626b346a,ip-dst,,,336d3bd4-d4b3-4b9f-9b95-ca1e626b346a,ip-dst,Bonne,,217.72.4.161,
60f6ea57-5534-4866-9677-44650abe1822,NON-CLASSIFIEES,white,False,Publication maqueurs APT31,Bonne,,2021-07-20,['APT31'],"fr-classif:non-classifiees=""NON-CLASSIFIEES"", cossi:TLP=""white"", cossi:RechercheSourceOuverte=""Autorisee"", cossi:fiabilite=""Bonne"", cossi:threat_category=""APT"", misp-galaxy:threat-actor=""APT31""",4afbfcdd-1306-4415-bef0-8c5120bb8c5b,ip-dst,,,4afbfcdd-1306-4415-bef0-8c5120bb8c5b,ip-dst,Bonne,,219.92.167.217,
60f6ea57-5534-4866-9677-44650abe1822,NON-CLASSIFIEES,white,False,Publication maqueurs APT31,Bonne,,2021-07-20,['APT31'],"fr-classif:non-classifiees=""NON-CLASSIFIEES"", cossi:TLP=""white"", cossi:RechercheSourceOuverte=""Autorisee"", cossi:fiabilite=""Bonne"", cossi:threat_category=""APT"", misp-galaxy:threat-actor=""APT31""",514933a9-13e1-4b57-a097-1d6adeb65aaa,ip-dst,,,514933a9-13e1-4b57-a097-1d6adeb65aaa,ip-dst,Bonne,,219.94.88.113,
60f6ea57-5534-4866-9677-44650abe1822,NON-CLASSIFIEES,white,False,Publication maqueurs APT31,Bonne,,2021-07-20,['APT31'],"fr-classif:non-classifiees=""NON-CLASSIFIEES"", cossi:TLP=""white"", cossi:RechercheSourceOuverte=""Autorisee"", cossi:fiabilite=""Bonne"", cossi:threat_category=""APT"", misp-galaxy:threat-actor=""APT31""",8da110f7-611e-4f6a-864d-e17a72272f79,ip-dst,,,8da110f7-611e-4f6a-864d-e17a72272f79,ip-dst,Bonne,,219.95.129.5,
60f6ea57-5534-4866-9677-44650abe1822,NON-CLASSIFIEES,white,False,Publication maqueurs APT31,Bonne,,2021-07-20,['APT31'],"fr-classif:non-classifiees=""NON-CLASSIFIEES"", cossi:TLP=""white"", cossi:RechercheSourceOuverte=""Autorisee"", cossi:fiabilite=""Bonne"", cossi:threat_category=""APT"", misp-galaxy:threat-actor=""APT31""",4356fa47-c519-4351-839a-9d7f1368bee6,ip-dst,,,4356fa47-c519-4351-839a-9d7f1368bee6,ip-dst,Bonne,,23.111.204.172,
60f6ea57-5534-4866-9677-44650abe1822,NON-CLASSIFIEES,white,False,Publication maqueurs APT31,Bonne,,2021-07-20,['APT31'],"fr-classif:non-classifiees=""NON-CLASSIFIEES"", cossi:TLP=""white"", cossi:RechercheSourceOuverte=""Autorisee"", cossi:fiabilite=""Bonne"", cossi:threat_category=""APT"", misp-galaxy:threat-actor=""APT31""",576018c0-edb2-4e37-96f5-ac92c9599edf,ip-dst,,,576018c0-edb2-4e37-96f5-ac92c9599edf,ip-dst,Bonne,,23.111.204.33,
60f6ea57-5534-4866-9677-44650abe1822,NON-CLASSIFIEES,white,False,Publication maqueurs APT31,Bonne,,2021-07-20,['APT31'],"fr-classif:non-classifiees=""NON-CLASSIFIEES"", cossi:TLP=""white"", cossi:RechercheSourceOuverte=""Autorisee"", cossi:fiabilite=""Bonne"", cossi:threat_category=""APT"", misp-galaxy:threat-actor=""APT31""",cdf9ffad-33c7-435d-a56b-42f1d3cd6ab5,ip-dst,,,cdf9ffad-33c7-435d-a56b-42f1d3cd6ab5,ip-dst,Bonne,,31.184.198.158,
60f6ea57-5534-4866-9677-44650abe1822,NON-CLASSIFIEES,white,False,Publication maqueurs APT31,Bonne,,2021-07-20,['APT31'],"fr-classif:non-classifiees=""NON-CLASSIFIEES"", cossi:TLP=""white"", cossi:RechercheSourceOuverte=""Autorisee"", cossi:fiabilite=""Bonne"", cossi:threat_category=""APT"", misp-galaxy:threat-actor=""APT31""",06390229-eeb0-4d2b-841b-d3f60a988ddd,ip-dst,,,06390229-eeb0-4d2b-841b-d3f60a988ddd,ip-dst,Bonne,,37.110.66.249,
60f6ea57-5534-4866-9677-44650abe1822,NON-CLASSIFIEES,white,False,Publication maqueurs APT31,Bonne,,2021-07-20,['APT31'],"fr-classif:non-classifiees=""NON-CLASSIFIEES"", cossi:TLP=""white"", cossi:RechercheSourceOuverte=""Autorisee"", cossi:fiabilite=""Bonne"", cossi:threat_category=""APT"", misp-galaxy:threat-actor=""APT31""",03d38f94-f3d4-4cab-9843-c8d6904b9e35,ip-dst,,,03d38f94-f3d4-4cab-9843-c8d6904b9e35,ip-dst,Bonne,,37.230.147.163,
60f6ea57-5534-4866-9677-44650abe1822,NON-CLASSIFIEES,white,False,Publication maqueurs APT31,Bonne,,2021-07-20,['APT31'],"fr-classif:non-classifiees=""NON-CLASSIFIEES"", cossi:TLP=""white"", cossi:RechercheSourceOuverte=""Autorisee"", cossi:fiabilite=""Bonne"", cossi:threat_category=""APT"", misp-galaxy:threat-actor=""APT31""",f72a2650-3b36-4d02-bc22-9fd72a99c483,ip-dst,,,f72a2650-3b36-4d02-bc22-9fd72a99c483,ip-dst,Bonne,,41.141.191.244,
60f6ea57-5534-4866-9677-44650abe1822,NON-CLASSIFIEES,white,False,Publication maqueurs APT31,Bonne,,2021-07-20,['APT31'],"fr-classif:non-classifiees=""NON-CLASSIFIEES"", cossi:TLP=""white"", cossi:RechercheSourceOuverte=""Autorisee"", cossi:fiabilite=""Bonne"", cossi:threat_category=""APT"", misp-galaxy:threat-actor=""APT31""",df3cc4b1-450a-443b-b1ac-7e91ee7ad17c,ip-dst,,,df3cc4b1-450a-443b-b1ac-7e91ee7ad17c,ip-dst,Bonne,,41.141.68.24,
60f6ea57-5534-4866-9677-44650abe1822,NON-CLASSIFIEES,white,False,Publication maqueurs APT31,Bonne,,2021-07-20,['APT31'],"fr-classif:non-classifiees=""NON-CLASSIFIEES"", cossi:TLP=""white"", cossi:RechercheSourceOuverte=""Autorisee"", cossi:fiabilite=""Bonne"", cossi:threat_category=""APT"", misp-galaxy:threat-actor=""APT31""",18c38440-c5a4-45b7-8e45-8e203e3f474b,ip-dst,,,18c38440-c5a4-45b7-8e45-8e203e3f474b,ip-dst,Bonne,,41.233.81.90,
60f6ea57-5534-4866-9677-44650abe1822,NON-CLASSIFIEES,white,False,Publication maqueurs APT31,Bonne,,2021-07-20,['APT31'],"fr-classif:non-classifiees=""NON-CLASSIFIEES"", cossi:TLP=""white"", cossi:RechercheSourceOuverte=""Autorisee"", cossi:fiabilite=""Bonne"", cossi:threat_category=""APT"", misp-galaxy:threat-actor=""APT31""",e02d9e01-cc33-4b29-92bd-59365436664b,ip-dst,,,e02d9e01-cc33-4b29-92bd-59365436664b,ip-dst,Bonne,,41.233.86.14,
60f6ea57-5534-4866-9677-44650abe1822,NON-CLASSIFIEES,white,False,Publication maqueurs APT31,Bonne,,2021-07-20,['APT31'],"fr-classif:non-classifiees=""NON-CLASSIFIEES"", cossi:TLP=""white"", cossi:RechercheSourceOuverte=""Autorisee"", cossi:fiabilite=""Bonne"", cossi:threat_category=""APT"", misp-galaxy:threat-actor=""APT31""",7d0a515b-add9-4a77-a132-f6603fd53305,ip-dst,,,7d0a515b-add9-4a77-a132-f6603fd53305,ip-dst,Bonne,,41.250.135.152,
60f6ea57-5534-4866-9677-44650abe1822,NON-CLASSIFIEES,white,False,Publication maqueurs APT31,Bonne,,2021-07-20,['APT31'],"fr-classif:non-classifiees=""NON-CLASSIFIEES"", cossi:TLP=""white"", cossi:RechercheSourceOuverte=""Autorisee"", cossi:fiabilite=""Bonne"", cossi:threat_category=""APT"", misp-galaxy:threat-actor=""APT31""",f925756c-ea8c-4884-bb09-d2db4298eb91,ip-dst,,,f925756c-ea8c-4884-bb09-d2db4298eb91,ip-dst,Bonne,,41.251.47.226,
60f6ea57-5534-4866-9677-44650abe1822,NON-CLASSIFIEES,white,False,Publication maqueurs APT31,Bonne,,2021-07-20,['APT31'],"fr-classif:non-classifiees=""NON-CLASSIFIEES"", cossi:TLP=""white"", cossi:RechercheSourceOuverte=""Autorisee"", cossi:fiabilite=""Bonne"", cossi:threat_category=""APT"", misp-galaxy:threat-actor=""APT31""",5690d5b5-f94d-4d5c-84f5-46444fd77669,ip-dst,,,5690d5b5-f94d-4d5c-84f5-46444fd77669,ip-dst,Bonne,,41.251.49.41,
60f6ea57-5534-4866-9677-44650abe1822,NON-CLASSIFIEES,white,False,Publication maqueurs APT31,Bonne,,2021-07-20,['APT31'],"fr-classif:non-classifiees=""NON-CLASSIFIEES"", cossi:TLP=""white"", cossi:RechercheSourceOuverte=""Autorisee"", cossi:fiabilite=""Bonne"", cossi:threat_category=""APT"", misp-galaxy:threat-actor=""APT31""",96c5734a-21f8-4b2e-a0c8-89859d4ebb77,ip-dst,,,96c5734a-21f8-4b2e-a0c8-89859d4ebb77,ip-dst,Bonne,,41.251.68.5,
60f6ea57-5534-4866-9677-44650abe1822,NON-CLASSIFIEES,white,False,Publication maqueurs APT31,Bonne,,2021-07-20,['APT31'],"fr-classif:non-classifiees=""NON-CLASSIFIEES"", cossi:TLP=""white"", cossi:RechercheSourceOuverte=""Autorisee"", cossi:fiabilite=""Bonne"", cossi:threat_category=""APT"", misp-galaxy:threat-actor=""APT31""",00243dee-edb6-4b2c-8784-55935d69b8ce,ip-dst,,,00243dee-edb6-4b2c-8784-55935d69b8ce,ip-dst,Bonne,,41.251.84.81,
60f6ea57-5534-4866-9677-44650abe1822,NON-CLASSIFIEES,white,False,Publication maqueurs APT31,Bonne,,2021-07-20,['APT31'],"fr-classif:non-classifiees=""NON-CLASSIFIEES"", cossi:TLP=""white"", cossi:RechercheSourceOuverte=""Autorisee"", cossi:fiabilite=""Bonne"", cossi:threat_category=""APT"", misp-galaxy:threat-actor=""APT31""",84a7b6e4-8fb4-4564-8281-0a9ba156d84d,ip-dst,,,84a7b6e4-8fb4-4564-8281-0a9ba156d84d,ip-dst,Bonne,,45.135.232.165,
60f6ea57-5534-4866-9677-44650abe1822,NON-CLASSIFIEES,white,False,Publication maqueurs APT31,Bonne,,2021-07-20,['APT31'],"fr-classif:non-classifiees=""NON-CLASSIFIEES"", cossi:TLP=""white"", cossi:RechercheSourceOuverte=""Autorisee"", cossi:fiabilite=""Bonne"", cossi:threat_category=""APT"", misp-galaxy:threat-actor=""APT31""",e1bee9d2-ebc2-4e34-bf3e-cd9705b276d9,ip-dst,,,e1bee9d2-ebc2-4e34-bf3e-cd9705b276d9,ip-dst,Bonne,,45.156.23.115,
60f6ea57-5534-4866-9677-44650abe1822,NON-CLASSIFIEES,white,False,Publication maqueurs APT31,Bonne,,2021-07-20,['APT31'],"fr-classif:non-classifiees=""NON-CLASSIFIEES"", cossi:TLP=""white"", cossi:RechercheSourceOuverte=""Autorisee"", cossi:fiabilite=""Bonne"", cossi:threat_category=""APT"", misp-galaxy:threat-actor=""APT31""",c515ccc1-23e8-4f5c-b450-d276c5ef7fe6,ip-dst,,,c515ccc1-23e8-4f5c-b450-d276c5ef7fe6,ip-dst,Bonne,,45.156.23.129,
60f6ea57-5534-4866-9677-44650abe1822,NON-CLASSIFIEES,white,False,Publication maqueurs APT31,Bonne,,2021-07-20,['APT31'],"fr-classif:non-classifiees=""NON-CLASSIFIEES"", cossi:TLP=""white"", cossi:RechercheSourceOuverte=""Autorisee"", cossi:fiabilite=""Bonne"", cossi:threat_category=""APT"", misp-galaxy:threat-actor=""APT31""",07ffc9e9-e116-46a4-9a2b-4114fc33c9f8,ip-dst,,,07ffc9e9-e116-46a4-9a2b-4114fc33c9f8,ip-dst,Bonne,,45.156.24.29,
60f6ea57-5534-4866-9677-44650abe1822,NON-CLASSIFIEES,white,False,Publication maqueurs APT31,Bonne,,2021-07-20,['APT31'],"fr-classif:non-classifiees=""NON-CLASSIFIEES"", cossi:TLP=""white"", cossi:RechercheSourceOuverte=""Autorisee"", cossi:fiabilite=""Bonne"", cossi:threat_category=""APT"", misp-galaxy:threat-actor=""APT31""",848fd076-889b-4035-9496-e722eb16e422,ip-dst,,,848fd076-889b-4035-9496-e722eb16e422,ip-dst,Bonne,,46.188.5.39,
60f6ea57-5534-4866-9677-44650abe1822,NON-CLASSIFIEES,white,False,Publication maqueurs APT31,Bonne,,2021-07-20,['APT31'],"fr-classif:non-classifiees=""NON-CLASSIFIEES"", cossi:TLP=""white"", cossi:RechercheSourceOuverte=""Autorisee"", cossi:fiabilite=""Bonne"", cossi:threat_category=""APT"", misp-galaxy:threat-actor=""APT31""",b4561804-4dab-490a-9cac-5fef3203c6ff,ip-dst,,,b4561804-4dab-490a-9cac-5fef3203c6ff,ip-dst,Bonne,,46.39.255.60,
60f6ea57-5534-4866-9677-44650abe1822,NON-CLASSIFIEES,white,False,Publication maqueurs APT31,Bonne,,2021-07-20,['APT31'],"fr-classif:non-classifiees=""NON-CLASSIFIEES"", cossi:TLP=""white"", cossi:RechercheSourceOuverte=""Autorisee"", cossi:fiabilite=""Bonne"", cossi:threat_category=""APT"", misp-galaxy:threat-actor=""APT31""",e90a855c-054b-4833-a293-c01a56d92217,ip-dst,,,e90a855c-054b-4833-a293-c01a56d92217,ip-dst,Bonne,,49.0.114.254,
60f6ea57-5534-4866-9677-44650abe1822,NON-CLASSIFIEES,white,False,Publication maqueurs APT31,Bonne,,2021-07-20,['APT31'],"fr-classif:non-classifiees=""NON-CLASSIFIEES"", cossi:TLP=""white"", cossi:RechercheSourceOuverte=""Autorisee"", cossi:fiabilite=""Bonne"", cossi:threat_category=""APT"", misp-galaxy:threat-actor=""APT31""",b535f077-11bf-4c8a-86c4-c39c192f4039,ip-dst,,,b535f077-11bf-4c8a-86c4-c39c192f4039,ip-dst,Bonne,,5.143.219.230,
60f6ea57-5534-4866-9677-44650abe1822,NON-CLASSIFIEES,white,False,Publication maqueurs APT31,Bonne,,2021-07-20,['APT31'],"fr-classif:non-classifiees=""NON-CLASSIFIEES"", cossi:TLP=""white"", cossi:RechercheSourceOuverte=""Autorisee"", cossi:fiabilite=""Bonne"", cossi:threat_category=""APT"", misp-galaxy:threat-actor=""APT31""",24c48ebf-e7db-461f-a8e2-cadba2914f65,ip-dst,,,24c48ebf-e7db-461f-a8e2-cadba2914f65,ip-dst,Bonne,,5.250.232.108,
60f6ea57-5534-4866-9677-44650abe1822,NON-CLASSIFIEES,white,False,Publication maqueurs APT31,Bonne,,2021-07-20,['APT31'],"fr-classif:non-classifiees=""NON-CLASSIFIEES"", cossi:TLP=""white"", cossi:RechercheSourceOuverte=""Autorisee"", cossi:fiabilite=""Bonne"", cossi:threat_category=""APT"", misp-galaxy:threat-actor=""APT31""",e97ae5c7-aa05-494a-a9aa-dfc2a469ad4c,ip-dst,,,e97ae5c7-aa05-494a-a9aa-dfc2a469ad4c,ip-dst,Bonne,,5.8.16.49,
60f6ea57-5534-4866-9677-44650abe1822,NON-CLASSIFIEES,white,False,Publication maqueurs APT31,Bonne,,2021-07-20,['APT31'],"fr-classif:non-classifiees=""NON-CLASSIFIEES"", cossi:TLP=""white"", cossi:RechercheSourceOuverte=""Autorisee"", cossi:fiabilite=""Bonne"", cossi:threat_category=""APT"", misp-galaxy:threat-actor=""APT31""",a27323e9-d621-45b2-af93-6e5bbc97ec8f,ip-dst,,,a27323e9-d621-45b2-af93-6e5bbc97ec8f,ip-dst,Bonne,,60.249.95.79,
60f6ea57-5534-4866-9677-44650abe1822,NON-CLASSIFIEES,white,False,Publication maqueurs APT31,Bonne,,2021-07-20,['APT31'],"fr-classif:non-classifiees=""NON-CLASSIFIEES"", cossi:TLP=""white"", cossi:RechercheSourceOuverte=""Autorisee"", cossi:fiabilite=""Bonne"", cossi:threat_category=""APT"", misp-galaxy:threat-actor=""APT31""",204ed195-33ff-49a7-b7fc-c80cba4876e4,ip-dst,,,204ed195-33ff-49a7-b7fc-c80cba4876e4,ip-dst,Bonne,,77.238.243.149,
60f6ea57-5534-4866-9677-44650abe1822,NON-CLASSIFIEES,white,False,Publication maqueurs APT31,Bonne,,2021-07-20,['APT31'],"fr-classif:non-classifiees=""NON-CLASSIFIEES"", cossi:TLP=""white"", cossi:RechercheSourceOuverte=""Autorisee"", cossi:fiabilite=""Bonne"", cossi:threat_category=""APT"", misp-galaxy:threat-actor=""APT31""",94e2d62c-f596-4efb-bf38-e358fab9adb5,ip-dst,,,94e2d62c-f596-4efb-bf38-e358fab9adb5,ip-dst,Bonne,,77.37.239.252,
60f6ea57-5534-4866-9677-44650abe1822,NON-CLASSIFIEES,white,False,Publication maqueurs APT31,Bonne,,2021-07-20,['APT31'],"fr-classif:non-classifiees=""NON-CLASSIFIEES"", cossi:TLP=""white"", cossi:RechercheSourceOuverte=""Autorisee"", cossi:fiabilite=""Bonne"", cossi:threat_category=""APT"", misp-galaxy:threat-actor=""APT31""",57194e0d-27f2-464c-9ba9-333aab1766b8,ip-dst,,,57194e0d-27f2-464c-9ba9-333aab1766b8,ip-dst,Bonne,,77.51.8.232,
60f6ea57-5534-4866-9677-44650abe1822,NON-CLASSIFIEES,white,False,Publication maqueurs APT31,Bonne,,2021-07-20,['APT31'],"fr-classif:non-classifiees=""NON-CLASSIFIEES"", cossi:TLP=""white"", cossi:RechercheSourceOuverte=""Autorisee"", cossi:fiabilite=""Bonne"", cossi:threat_category=""APT"", misp-galaxy:threat-actor=""APT31""",45c46800-46b8-422c-b634-77d9e5a98a20,ip-dst,,,45c46800-46b8-422c-b634-77d9e5a98a20,ip-dst,Bonne,,79.104.38.166,
60f6ea57-5534-4866-9677-44650abe1822,NON-CLASSIFIEES,white,False,Publication maqueurs APT31,Bonne,,2021-07-20,['APT31'],"fr-classif:non-classifiees=""NON-CLASSIFIEES"", cossi:TLP=""white"", cossi:RechercheSourceOuverte=""Autorisee"", cossi:fiabilite=""Bonne"", cossi:threat_category=""APT"", misp-galaxy:threat-actor=""APT31""",1b5d2143-1441-428f-be96-93a6db8151a9,ip-dst,,,1b5d2143-1441-428f-be96-93a6db8151a9,ip-dst,Bonne,,79.174.160.226,
60f6ea57-5534-4866-9677-44650abe1822,NON-CLASSIFIEES,white,False,Publication maqueurs APT31,Bonne,,2021-07-20,['APT31'],"fr-classif:non-classifiees=""NON-CLASSIFIEES"", cossi:TLP=""white"", cossi:RechercheSourceOuverte=""Autorisee"", cossi:fiabilite=""Bonne"", cossi:threat_category=""APT"", misp-galaxy:threat-actor=""APT31""",4df879ff-a611-4018-8304-d6927d950664,ip-dst,,,4df879ff-a611-4018-8304-d6927d950664,ip-dst,Bonne,,80.87.145.183,
60f6ea57-5534-4866-9677-44650abe1822,NON-CLASSIFIEES,white,False,Publication maqueurs APT31,Bonne,,2021-07-20,['APT31'],"fr-classif:non-classifiees=""NON-CLASSIFIEES"", cossi:TLP=""white"", cossi:RechercheSourceOuverte=""Autorisee"", cossi:fiabilite=""Bonne"", cossi:threat_category=""APT"", misp-galaxy:threat-actor=""APT31""",c223fe37-d9da-41a2-bf74-166e0926910a,ip-dst,,,c223fe37-d9da-41a2-bf74-166e0926910a,ip-dst,Bonne,,81.25.49.97,
60f6ea57-5534-4866-9677-44650abe1822,NON-CLASSIFIEES,white,False,Publication maqueurs APT31,Bonne,,2021-07-20,['APT31'],"fr-classif:non-classifiees=""NON-CLASSIFIEES"", cossi:TLP=""white"", cossi:RechercheSourceOuverte=""Autorisee"", cossi:fiabilite=""Bonne"", cossi:threat_category=""APT"", misp-galaxy:threat-actor=""APT31""",40c5f970-42b5-4547-bd9d-dbcaf71561c3,ip-dst,,,40c5f970-42b5-4547-bd9d-dbcaf71561c3,ip-dst,Bonne,,81.25.50.223,
60f6ea57-5534-4866-9677-44650abe1822,NON-CLASSIFIEES,white,False,Publication maqueurs APT31,Bonne,,2021-07-20,['APT31'],"fr-classif:non-classifiees=""NON-CLASSIFIEES"", cossi:TLP=""white"", cossi:RechercheSourceOuverte=""Autorisee"", cossi:fiabilite=""Bonne"", cossi:threat_category=""APT"", misp-galaxy:threat-actor=""APT31""",8efb4b79-86e5-451a-bb8a-4e076de38d5e,ip-dst,,,8efb4b79-86e5-451a-bb8a-4e076de38d5e,ip-dst,Bonne,,82.99.201.163,
60f6ea57-5534-4866-9677-44650abe1822,NON-CLASSIFIEES,white,False,Publication maqueurs APT31,Bonne,,2021-07-20,['APT31'],"fr-classif:non-classifiees=""NON-CLASSIFIEES"", cossi:TLP=""white"", cossi:RechercheSourceOuverte=""Autorisee"", cossi:fiabilite=""Bonne"", cossi:threat_category=""APT"", misp-galaxy:threat-actor=""APT31""",6a740c36-1748-486b-af90-f6b0db9dbb63,ip-dst,,,6a740c36-1748-486b-af90-f6b0db9dbb63,ip-dst,Bonne,,83.221.216.112,
60f6ea57-5534-4866-9677-44650abe1822,NON-CLASSIFIEES,white,False,Publication maqueurs APT31,Bonne,,2021-07-20,['APT31'],"fr-classif:non-classifiees=""NON-CLASSIFIEES"", cossi:TLP=""white"", cossi:RechercheSourceOuverte=""Autorisee"", cossi:fiabilite=""Bonne"", cossi:threat_category=""APT"", misp-galaxy:threat-actor=""APT31""",ba809172-6ed4-4a51-b846-b38dda6a1763,ip-dst,,,ba809172-6ed4-4a51-b846-b38dda6a1763,ip-dst,Bonne,,85.133.190.41,
60f6ea57-5534-4866-9677-44650abe1822,NON-CLASSIFIEES,white,False,Publication maqueurs APT31,Bonne,,2021-07-20,['APT31'],"fr-classif:non-classifiees=""NON-CLASSIFIEES"", cossi:TLP=""white"", cossi:RechercheSourceOuverte=""Autorisee"", cossi:fiabilite=""Bonne"", cossi:threat_category=""APT"", misp-galaxy:threat-actor=""APT31""",8e9ebf3e-7f19-4796-9747-84c1831d49f9,ip-dst,,,8e9ebf3e-7f19-4796-9747-84c1831d49f9,ip-dst,Bonne,,85.31.112.124,
60f6ea57-5534-4866-9677-44650abe1822,NON-CLASSIFIEES,white,False,Publication maqueurs APT31,Bonne,,2021-07-20,['APT31'],"fr-classif:non-classifiees=""NON-CLASSIFIEES"", cossi:TLP=""white"", cossi:RechercheSourceOuverte=""Autorisee"", cossi:fiabilite=""Bonne"", cossi:threat_category=""APT"", misp-galaxy:threat-actor=""APT31""",86e8bda8-9682-4882-98e8-aa3ef2504924,ip-dst,,,86e8bda8-9682-4882-98e8-aa3ef2504924,ip-dst,Bonne,,86.98.61.33,
60f6ea57-5534-4866-9677-44650abe1822,NON-CLASSIFIEES,white,False,Publication maqueurs APT31,Bonne,,2021-07-20,['APT31'],"fr-classif:non-classifiees=""NON-CLASSIFIEES"", cossi:TLP=""white"", cossi:RechercheSourceOuverte=""Autorisee"", cossi:fiabilite=""Bonne"", cossi:threat_category=""APT"", misp-galaxy:threat-actor=""APT31""",a46e19d6-9e25-4eab-8369-1c19b108751e,ip-dst,,,a46e19d6-9e25-4eab-8369-1c19b108751e,ip-dst,Bonne,,88.247.129.12,
60f6ea57-5534-4866-9677-44650abe1822,NON-CLASSIFIEES,white,False,Publication maqueurs APT31,Bonne,,2021-07-20,['APT31'],"fr-classif:non-classifiees=""NON-CLASSIFIEES"", cossi:TLP=""white"", cossi:RechercheSourceOuverte=""Autorisee"", cossi:fiabilite=""Bonne"", cossi:threat_category=""APT"", misp-galaxy:threat-actor=""APT31""",8a3c9b65-5d14-4cf5-bdfc-9f46bdf6ffe7,ip-dst,,,8a3c9b65-5d14-4cf5-bdfc-9f46bdf6ffe7,ip-dst,Bonne,,91.122.59.121,
60f6ea57-5534-4866-9677-44650abe1822,NON-CLASSIFIEES,white,False,Publication maqueurs APT31,Bonne,,2021-07-20,['APT31'],"fr-classif:non-classifiees=""NON-CLASSIFIEES"", cossi:TLP=""white"", cossi:RechercheSourceOuverte=""Autorisee"", cossi:fiabilite=""Bonne"", cossi:threat_category=""APT"", misp-galaxy:threat-actor=""APT31""",0927b6e2-12df-471f-838b-3f7f6ae9a684,ip-dst,,,0927b6e2-12df-471f-838b-3f7f6ae9a684,ip-dst,Bonne,,92.119.230.140,
60f6ea57-5534-4866-9677-44650abe1822,NON-CLASSIFIEES,white,False,Publication maqueurs APT31,Bonne,,2021-07-20,['APT31'],"fr-classif:non-classifiees=""NON-CLASSIFIEES"", cossi:TLP=""white"", cossi:RechercheSourceOuverte=""Autorisee"", cossi:fiabilite=""Bonne"", cossi:threat_category=""APT"", misp-galaxy:threat-actor=""APT31""",1ce87386-6f9f-4b12-8201-8663cb217152,ip-dst,,,1ce87386-6f9f-4b12-8201-8663cb217152,ip-dst,Bonne,,92.253.218.27,
60f6ea57-5534-4866-9677-44650abe1822,NON-CLASSIFIEES,white,False,Publication maqueurs APT31,Bonne,,2021-07-20,['APT31'],"fr-classif:non-classifiees=""NON-CLASSIFIEES"", cossi:TLP=""white"", cossi:RechercheSourceOuverte=""Autorisee"", cossi:fiabilite=""Bonne"", cossi:threat_category=""APT"", misp-galaxy:threat-actor=""APT31""",e37fb77d-9cf4-48c4-aecb-fce77270bcd8,ip-dst,,,e37fb77d-9cf4-48c4-aecb-fce77270bcd8,ip-dst,Bonne,,92.96.172.161,
60f6ea57-5534-4866-9677-44650abe1822,NON-CLASSIFIEES,white,False,Publication maqueurs APT31,Bonne,,2021-07-20,['APT31'],"fr-classif:non-classifiees=""NON-CLASSIFIEES"", cossi:TLP=""white"", cossi:RechercheSourceOuverte=""Autorisee"", cossi:fiabilite=""Bonne"", cossi:threat_category=""APT"", misp-galaxy:threat-actor=""APT31""",a5b17574-df88-4609-84cd-e64b799d2df0,ip-dst,,,a5b17574-df88-4609-84cd-e64b799d2df0,ip-dst,Bonne,,92.96.174.14,
60f6ea57-5534-4866-9677-44650abe1822,NON-CLASSIFIEES,white,False,Publication maqueurs APT31,Bonne,,2021-07-20,['APT31'],"fr-classif:non-classifiees=""NON-CLASSIFIEES"", cossi:TLP=""white"", cossi:RechercheSourceOuverte=""Autorisee"", cossi:fiabilite=""Bonne"", cossi:threat_category=""APT"", misp-galaxy:threat-actor=""APT31""",0a201a7d-4c57-4536-9cbf-6d32e888965b,ip-dst,,,0a201a7d-4c57-4536-9cbf-6d32e888965b,ip-dst,Bonne,,92.96.89.114,
60f6ea57-5534-4866-9677-44650abe1822,NON-CLASSIFIEES,white,False,Publication maqueurs APT31,Bonne,,2021-07-20,['APT31'],"fr-classif:non-classifiees=""NON-CLASSIFIEES"", cossi:TLP=""white"", cossi:RechercheSourceOuverte=""Autorisee"", cossi:fiabilite=""Bonne"", cossi:threat_category=""APT"", misp-galaxy:threat-actor=""APT31""",e776d89b-295b-488c-808d-54a4f792cb36,ip-dst,,,e776d89b-295b-488c-808d-54a4f792cb36,ip-dst,Bonne,,92.96.91.76,
60f6ea57-5534-4866-9677-44650abe1822,NON-CLASSIFIEES,white,False,Publication maqueurs APT31,Bonne,,2021-07-20,['APT31'],"fr-classif:non-classifiees=""NON-CLASSIFIEES"", cossi:TLP=""white"", cossi:RechercheSourceOuverte=""Autorisee"", cossi:fiabilite=""Bonne"", cossi:threat_category=""APT"", misp-galaxy:threat-actor=""APT31""",a575a37d-3686-4df2-b35a-3aae802071c3,ip-dst,,,a575a37d-3686-4df2-b35a-3aae802071c3,ip-dst,Bonne,,92.99.76.225,
60f6ea57-5534-4866-9677-44650abe1822,NON-CLASSIFIEES,white,False,Publication maqueurs APT31,Bonne,,2021-07-20,['APT31'],"fr-classif:non-classifiees=""NON-CLASSIFIEES"", cossi:TLP=""white"", cossi:RechercheSourceOuverte=""Autorisee"", cossi:fiabilite=""Bonne"", cossi:threat_category=""APT"", misp-galaxy:threat-actor=""APT31""",3138c51d-b104-4104-8861-d44d7d97d972,ip-dst,,,3138c51d-b104-4104-8861-d44d7d97d972,ip-dst,Bonne,,93.115.146.161,
60f6ea57-5534-4866-9677-44650abe1822,NON-CLASSIFIEES,white,False,Publication maqueurs APT31,Bonne,,2021-07-20,['APT31'],"fr-classif:non-classifiees=""NON-CLASSIFIEES"", cossi:TLP=""white"", cossi:RechercheSourceOuverte=""Autorisee"", cossi:fiabilite=""Bonne"", cossi:threat_category=""APT"", misp-galaxy:threat-actor=""APT31""",3ddd6291-9df7-4e20-9734-eb3233b90621,ip-dst,,,3ddd6291-9df7-4e20-9734-eb3233b90621,ip-dst,Bonne,,94.159.55.14,
60f6ea57-5534-4866-9677-44650abe1822,NON-CLASSIFIEES,white,False,Publication maqueurs APT31,Bonne,,2021-07-20,['APT31'],"fr-classif:non-classifiees=""NON-CLASSIFIEES"", cossi:TLP=""white"", cossi:RechercheSourceOuverte=""Autorisee"", cossi:fiabilite=""Bonne"", cossi:threat_category=""APT"", misp-galaxy:threat-actor=""APT31""",906e52f5-1843-472f-ac67-8fd19a1dc7cb,ip-dst,,,906e52f5-1843-472f-ac67-8fd19a1dc7cb,ip-dst,Bonne,,94.204.190.135,
60f6ea57-5534-4866-9677-44650abe1822,NON-CLASSIFIEES,white,False,Publication maqueurs APT31,Bonne,,2021-07-20,['APT31'],"fr-classif:non-classifiees=""NON-CLASSIFIEES"", cossi:TLP=""white"", cossi:RechercheSourceOuverte=""Autorisee"", cossi:fiabilite=""Bonne"", cossi:threat_category=""APT"", misp-galaxy:threat-actor=""APT31""",01ef5636-202d-4a48-8824-7900b10d986e,ip-dst,,,01ef5636-202d-4a48-8824-7900b10d986e,ip-dst,Bonne,,94.228.245.225,
60f6ea57-5534-4866-9677-44650abe1822,NON-CLASSIFIEES,white,False,Publication maqueurs APT31,Bonne,,2021-07-20,['APT31'],"fr-classif:non-classifiees=""NON-CLASSIFIEES"", cossi:TLP=""white"", cossi:RechercheSourceOuverte=""Autorisee"", cossi:fiabilite=""Bonne"", cossi:threat_category=""APT"", misp-galaxy:threat-actor=""APT31""",682afe9d-0a26-4de6-92c1-7c7720ac3f28,ip-dst,,,682afe9d-0a26-4de6-92c1-7c7720ac3f28,ip-dst,Bonne,,94.59.209.77,
60f6ea57-5534-4866-9677-44650abe1822,NON-CLASSIFIEES,white,False,Publication maqueurs APT31,Bonne,,2021-07-20,['APT31'],"fr-classif:non-classifiees=""NON-CLASSIFIEES"", cossi:TLP=""white"", cossi:RechercheSourceOuverte=""Autorisee"", cossi:fiabilite=""Bonne"", cossi:threat_category=""APT"", misp-galaxy:threat-actor=""APT31""",b3dd6996-b4fd-4f7e-8c5c-ffdd0fc9d5e7,ip-dst,,,b3dd6996-b4fd-4f7e-8c5c-ffdd0fc9d5e7,ip-dst,Bonne,,94.59.70.225,
60f6ea57-5534-4866-9677-44650abe1822,NON-CLASSIFIEES,white,False,Publication maqueurs APT31,Bonne,,2021-07-20,['APT31'],"fr-classif:non-classifiees=""NON-CLASSIFIEES"", cossi:TLP=""white"", cossi:RechercheSourceOuverte=""Autorisee"", cossi:fiabilite=""Bonne"", cossi:threat_category=""APT"", misp-galaxy:threat-actor=""APT31""",475c8726-8f24-4313-9094-7977438096f1,ip-dst,,,475c8726-8f24-4313-9094-7977438096f1,ip-dst,Bonne,,95.143.219.229,
60f6ea57-5534-4866-9677-44650abe1822,NON-CLASSIFIEES,white,False,Publication maqueurs APT31,Bonne,,2021-07-20,['APT31'],"fr-classif:non-classifiees=""NON-CLASSIFIEES"", cossi:TLP=""white"", cossi:RechercheSourceOuverte=""Autorisee"", cossi:fiabilite=""Bonne"", cossi:threat_category=""APT"", misp-galaxy:threat-actor=""APT31""",dd521c17-3e70-42d1-a8a2-f5ce8d38701e,ip-dst,,,dd521c17-3e70-42d1-a8a2-f5ce8d38701e,ip-dst,Bonne,,95.143.219.230,
60f6ea57-5534-4866-9677-44650abe1822,NON-CLASSIFIEES,white,False,Publication maqueurs APT31,Bonne,,2021-07-20,['APT31'],"fr-classif:non-classifiees=""NON-CLASSIFIEES"", cossi:TLP=""white"", cossi:RechercheSourceOuverte=""Autorisee"", cossi:fiabilite=""Bonne"", cossi:threat_category=""APT"", misp-galaxy:threat-actor=""APT31""",8871eb98-2c7f-48fc-b69e-45736516a8fb,ip-dst,,,8871eb98-2c7f-48fc-b69e-45736516a8fb,ip-dst,Bonne,,95.165.146.19,
60f6ea57-5534-4866-9677-44650abe1822,NON-CLASSIFIEES,white,False,Publication maqueurs APT31,Bonne,,2021-07-20,['APT31'],"fr-classif:non-classifiees=""NON-CLASSIFIEES"", cossi:TLP=""white"", cossi:RechercheSourceOuverte=""Autorisee"", cossi:fiabilite=""Bonne"", cossi:threat_category=""APT"", misp-galaxy:threat-actor=""APT31""",fb9aa03a-6db0-49c7-ab9d-14ec0e83c823,ip-dst,,,fb9aa03a-6db0-49c7-ab9d-14ec0e83c823,ip-dst,Bonne,,95.165.99.181,
60f6ea57-5534-4866-9677-44650abe1822,NON-CLASSIFIEES,white,False,Publication maqueurs APT31,Bonne,,2021-07-20,['APT31'],"fr-classif:non-classifiees=""NON-CLASSIFIEES"", cossi:TLP=""white"", cossi:RechercheSourceOuverte=""Autorisee"", cossi:fiabilite=""Bonne"", cossi:threat_category=""APT"", misp-galaxy:threat-actor=""APT31""",f8b1eaab-b909-49e0-8f89-768d59fdec76,ip-dst,,,f8b1eaab-b909-49e0-8f89-768d59fdec76,ip-dst,Bonne,,95.72.64.85,
60f6ea57-5534-4866-9677-44650abe1822,NON-CLASSIFIEES,white,False,Publication maqueurs APT31,Bonne,,2021-07-20,['APT31'],"fr-classif:non-classifiees=""NON-CLASSIFIEES"", cossi:TLP=""white"", cossi:RechercheSourceOuverte=""Autorisee"", cossi:fiabilite=""Bonne"", cossi:threat_category=""APT"", misp-galaxy:threat-actor=""APT31""",45e34e70-ffa7-43bd-b9fd-dc738106ca04,ip-dst,,,45e34e70-ffa7-43bd-b9fd-dc738106ca04,ip-dst,Bonne,,95.73.114.8,
60f6ea57-5534-4866-9677-44650abe1822,NON-CLASSIFIEES,white,False,Publication maqueurs APT31,Bonne,,2021-07-20,['APT31'],"fr-classif:non-classifiees=""NON-CLASSIFIEES"", cossi:TLP=""white"", cossi:RechercheSourceOuverte=""Autorisee"", cossi:fiabilite=""Bonne"", cossi:threat_category=""APT"", misp-galaxy:threat-actor=""APT31""",49f8aa0e-210b-4635-8024-3f11f8a96f0c,ip-dst,,,49f8aa0e-210b-4635-8024-3f11f8a96f0c,ip-dst,Bonne,,95.73.116.205,
60f6ea57-5534-4866-9677-44650abe1822,NON-CLASSIFIEES,white,False,Publication maqueurs APT31,Bonne,,2021-07-20,['APT31'],"fr-classif:non-classifiees=""NON-CLASSIFIEES"", cossi:TLP=""white"", cossi:RechercheSourceOuverte=""Autorisee"", cossi:fiabilite=""Bonne"", cossi:threat_category=""APT"", misp-galaxy:threat-actor=""APT31""",31ac023f-21e1-4d62-affd-a1d7f4284f43,ip-dst,,,31ac023f-21e1-4d62-affd-a1d7f4284f43,ip-dst,Bonne,,95.73.248.195,
60f6ea57-5534-4866-9677-44650abe1822,NON-CLASSIFIEES,white,False,Publication maqueurs APT31,Bonne,,2021-07-20,['APT31'],"fr-classif:non-classifiees=""NON-CLASSIFIEES"", cossi:TLP=""white"", cossi:RechercheSourceOuverte=""Autorisee"", cossi:fiabilite=""Bonne"", cossi:threat_category=""APT"", misp-galaxy:threat-actor=""APT31""",09c6f5d7-63da-436d-ae2d-4580c6bbeaa1,ip-dst,,,09c6f5d7-63da-436d-ae2d-4580c6bbeaa1,ip-dst,Bonne,,95.73.248.63,
60f6ea57-5534-4866-9677-44650abe1822,NON-CLASSIFIEES,white,False,Publication maqueurs APT31,Bonne,,2021-07-20,['APT31'],"fr-classif:non-classifiees=""NON-CLASSIFIEES"", cossi:TLP=""white"", cossi:RechercheSourceOuverte=""Autorisee"", cossi:fiabilite=""Bonne"", cossi:threat_category=""APT"", misp-galaxy:threat-actor=""APT31""",1d4f3c52-3818-49de-9943-e545ce6e52ba,ip-dst,,,1d4f3c52-3818-49de-9943-e545ce6e52ba,ip-dst,Bonne,,95.73.249.55,
